scene_id,task_type,task,filename,target_object_labels,target_object_ids,target_object_ids_short,affordance_labels,affordance_ids,affordance_actions,all_target_node_ids
0kitchen,implicit,I am hungry,0kitchen_i-am-hungry_139ec106_GT.json,kitchen cabinet,139ec106-b936-4d61-bb37-3c4194d00f6b,139ec106,knob,f9fe3c99-9aeb-43f0-b61c-50745b3d8105,knob: pull to open or close,139ec106-b936-4d61-bb37-3c4194d00f6b; f9fe3c99-9aeb-43f0-b61c-50745b3d8105
0kitchen,implicit,I am hungry,0kitchen_i-am-hungry_2_GT.json,oven; microwave oven,3b913a4b-4f6b-4d1c-827c-423fa2de9efc; d92a7d97-1eb6-4340-bcb3-93a43e1235fb,3b913a4b; d92a7d97,handle; handle; knob; knob,51a22b55-9a95-4d7d-a04a-a2566ce01605; 44baaedb-72de-4653-aaf9-7f17959c98ec; 200216d8-7731-4642-b5a9-ed10fccbb417; 840b0e7a-144e-4aef-aae0-41b1d097d74a,"handle: pull to open or close; handle: pull to open or close; knob: rotate to open or close, adjust the setting; knob: rotate to open or close, adjust the setting",3b913a4b-4f6b-4d1c-827c-423fa2de9efc; d92a7d97-1eb6-4340-bcb3-93a43e1235fb; 51a22b55-9a95-4d7d-a04a-a2566ce01605; 44baaedb-72de-4653-aaf9-7f17959c98ec; 200216d8-7731-4642-b5a9-ed10fccbb417; 840b0e7a-144e-4aef-aae0-41b1d097d74a
0kitchen,implicit,I am hungry,0kitchen_i-am-hungry_3312a095_GT.json,kitchen cabinet,3312a095-0d16-410b-aac2-4b0c41101a99,3312a095,knob; knob; knob; knob,6e00881c-a983-4cd5-9bf9-ad4ace3d0319; 8883dc69-12a0-45eb-ad61-1f1a9674c9e0; acf92087-2ff9-4fe8-9064-9b1d4725674a; 1f8267da-e2af-4ad5-b523-1f4d12edbd02,knob: pull to open or close; knob: pull to open or close; knob: pull to open or close; knob: pull to open or close,3312a095-0d16-410b-aac2-4b0c41101a99; 6e00881c-a983-4cd5-9bf9-ad4ace3d0319; 8883dc69-12a0-45eb-ad61-1f1a9674c9e0; acf92087-2ff9-4fe8-9064-9b1d4725674a; 1f8267da-e2af-4ad5-b523-1f4d12edbd02
0kitchen,implicit,I am hungry,0kitchen_i-am-hungry_3_GT.json,oven; microwave oven,3b913a4b-4f6b-4d1c-827c-423fa2de9efc; d92a7d97-1eb6-4340-bcb3-93a43e1235fb,3b913a4b; d92a7d97,handle; handle; knob; knob,51a22b55-9a95-4d7d-a04a-a2566ce01605; 44baaedb-72de-4653-aaf9-7f17959c98ec; 200216d8-7731-4642-b5a9-ed10fccbb417; 840b0e7a-144e-4aef-aae0-41b1d097d74a,"handle: pull to open or close; handle: pull to open or close; knob: rotate to open or close, adjust the setting; knob: rotate to open or close, adjust the setting",3b913a4b-4f6b-4d1c-827c-423fa2de9efc; d92a7d97-1eb6-4340-bcb3-93a43e1235fb; 51a22b55-9a95-4d7d-a04a-a2566ce01605; 44baaedb-72de-4653-aaf9-7f17959c98ec; 200216d8-7731-4642-b5a9-ed10fccbb417; 840b0e7a-144e-4aef-aae0-41b1d097d74a
0kitchen,implicit,I am hungry,0kitchen_i-am-hungry_497e0d19_GT.json,kitchen cabinet,497e0d19-d67a-4da0-a507-bbe96e9329d6,497e0d19,knob; knob; knob,0aa2c320-71f1-4977-8f0d-5acd609e4743; 626f6834-3490-4d7d-8c01-7c1808f75a58; 968148bd-a8ce-4f77-88af-915d1a3cfadf,knob: pull to open or close; knob: pull to open or close; knob: pull to open or close,497e0d19-d67a-4da0-a507-bbe96e9329d6; 0aa2c320-71f1-4977-8f0d-5acd609e4743; 626f6834-3490-4d7d-8c01-7c1808f75a58; 968148bd-a8ce-4f77-88af-915d1a3cfadf
0kitchen,implicit,I am hungry,0kitchen_i-am-hungry_GT.json,fridge,ca2b0708-a2b8-4f41-af84-2bf82994b95d,ca2b0708,handle,e5379d07-9084-445f-8b2d-38f3ae136b02,handle: pull to open or close,ca2b0708-a2b8-4f41-af84-2bf82994b95d; e5379d07-9084-445f-8b2d-38f3ae136b02
0kitchen,implicit,I am hungry,0kitchen_i-am-hungry_fcd973a3_GT.json,kitchen cabinet,fcd973a3-39c9-4e84-a75f-abc957c42981,fcd973a3,knob; knob; knob; knob,10c8368a-7442-4ce9-a548-960b8bbacf26; 21bde071-9155-4ced-9f0e-4d3ab4066b76; df12f156-a009-44d6-9020-0839e1e20066; a41f1593-b8ee-466e-a830-22231b56001e,knob: pull to open or close; knob: pull to open or close; knob: pull to open or close; knob: pull to open or close,fcd973a3-39c9-4e84-a75f-abc957c42981; 10c8368a-7442-4ce9-a548-960b8bbacf26; 21bde071-9155-4ced-9f0e-4d3ab4066b76; df12f156-a009-44d6-9020-0839e1e20066; a41f1593-b8ee-466e-a830-22231b56001e
0kitchen,implicit,I am looking for storage items,0kitchen_i-am-looking-for-storage-items_GT.json,cabinet,df66abca-4f71-4cad-a55f-a68ab5f77404,df66abca,knob,f05bcfeb-2db5-4847-af36-e9b9347adb53,knob: pull to open or close,df66abca-4f71-4cad-a55f-a68ab5f77404; f05bcfeb-2db5-4847-af36-e9b9347adb53
0kitchen,implicit,I need to clean the dirty dishes,0kitchen_i-need-to-clean-the-dirty-dishes_GT.json,dishwasher,620851fe-b35f-4de6-912e-2ad779c993a9,620851fe,,,,620851fe-b35f-4de6-912e-2ad779c993a9
0kitchen,implicit,I want a hot cup of tea,0kitchen_i-want-a-hot-cup-of-tea_GT.json,kettle,87771722-9826-4f4a-838d-062a6e30c79e,87771722,,,,87771722-9826-4f4a-838d-062a6e30c79e
0kitchen,implicit,my hands are dirty,0kitchen_my-hands-are-dirty_GT.json,kitchen sink,dfae4ca4-7a87-402c-b5b7-a64354650b19,dfae4ca4,faucet / handle,e1eae47e-45a4-4419-8b53-ca57f802ad0c,faucet / handle: control the water flow,dfae4ca4-7a87-402c-b5b7-a64354650b19; e1eae47e-45a4-4419-8b53-ca57f802ad0c
0kitchen,explicit,open the cabinet,0kitchen_open-the-cabinet_GT.json,cabinet,df66abca-4f71-4cad-a55f-a68ab5f77404,df66abca,knob,f05bcfeb-2db5-4847-af36-e9b9347adb53,knob: pull to open or close,df66abca-4f71-4cad-a55f-a68ab5f77404; f05bcfeb-2db5-4847-af36-e9b9347adb53
0kitchen,explicit,open the dishwasher,0kitchen_open-the-dishwasher_GT.json,dishwasher,620851fe-b35f-4de6-912e-2ad779c993a9,620851fe,,,,620851fe-b35f-4de6-912e-2ad779c993a9
0kitchen,explicit,open the door,0kitchen_open-the-door_GT.json,door,34cd4100-47fb-4288-a81b-7b509b7dc996,34cd4100,handle,12c8dbf9-5804-4081-95fb-f33ebcf78262,handle: rotate to open or close,34cd4100-47fb-4288-a81b-7b509b7dc996; 12c8dbf9-5804-4081-95fb-f33ebcf78262
0kitchen,explicit,open the fridge,0kitchen_open-the-fridge_GT.json,fridge,ca2b0708-a2b8-4f41-af84-2bf82994b95d,ca2b0708,handle,e5379d07-9084-445f-8b2d-38f3ae136b02,handle: pull to open or close,ca2b0708-a2b8-4f41-af84-2bf82994b95d; e5379d07-9084-445f-8b2d-38f3ae136b02
0kitchen,explicit,open the kitchen cabinet,0kitchen_open-the-kitchen-cabinet_139ec106_GT.json,kitchen cabinet,139ec106-b936-4d61-bb37-3c4194d00f6b,139ec106,knob,f9fe3c99-9aeb-43f0-b61c-50745b3d8105,knob: pull to open or close,139ec106-b936-4d61-bb37-3c4194d00f6b; f9fe3c99-9aeb-43f0-b61c-50745b3d8105
0kitchen,explicit,open the kitchen cabinet,0kitchen_open-the-kitchen-cabinet_3312a095_GT.json,kitchen cabinet,3312a095-0d16-410b-aac2-4b0c41101a99,3312a095,knob; knob; knob; knob,6e00881c-a983-4cd5-9bf9-ad4ace3d0319; 8883dc69-12a0-45eb-ad61-1f1a9674c9e0; acf92087-2ff9-4fe8-9064-9b1d4725674a; 1f8267da-e2af-4ad5-b523-1f4d12edbd02,knob: pull to open or close; knob: pull to open or close; knob: pull to open or close; knob: pull to open or close,3312a095-0d16-410b-aac2-4b0c41101a99; 6e00881c-a983-4cd5-9bf9-ad4ace3d0319; 8883dc69-12a0-45eb-ad61-1f1a9674c9e0; acf92087-2ff9-4fe8-9064-9b1d4725674a; 1f8267da-e2af-4ad5-b523-1f4d12edbd02
0kitchen,explicit,open the kitchen cabinet,0kitchen_open-the-kitchen-cabinet_497e0d19_GT.json,kitchen cabinet,497e0d19-d67a-4da0-a507-bbe96e9329d6,497e0d19,knob; knob; knob,0aa2c320-71f1-4977-8f0d-5acd609e4743; 626f6834-3490-4d7d-8c01-7c1808f75a58; 968148bd-a8ce-4f77-88af-915d1a3cfadf,knob: pull to open or close; knob: pull to open or close; knob: pull to open or close,497e0d19-d67a-4da0-a507-bbe96e9329d6; 0aa2c320-71f1-4977-8f0d-5acd609e4743; 626f6834-3490-4d7d-8c01-7c1808f75a58; 968148bd-a8ce-4f77-88af-915d1a3cfadf
0kitchen,explicit,open the kitchen cabinet,0kitchen_open-the-kitchen-cabinet_fcd973a3_GT.json,kitchen cabinet,fcd973a3-39c9-4e84-a75f-abc957c42981,fcd973a3,knob; knob; knob; knob,10c8368a-7442-4ce9-a548-960b8bbacf26; 21bde071-9155-4ced-9f0e-4d3ab4066b76; df12f156-a009-44d6-9020-0839e1e20066; a41f1593-b8ee-466e-a830-22231b56001e,knob: pull to open or close; knob: pull to open or close; knob: pull to open or close; knob: pull to open or close,fcd973a3-39c9-4e84-a75f-abc957c42981; 10c8368a-7442-4ce9-a548-960b8bbacf26; 21bde071-9155-4ced-9f0e-4d3ab4066b76; df12f156-a009-44d6-9020-0839e1e20066; a41f1593-b8ee-466e-a830-22231b56001e
0kitchen,explicit,open the microwave oven,0kitchen_open-the-microwave-oven_GT.json,oven; microwave oven,3b913a4b-4f6b-4d1c-827c-423fa2de9efc; d92a7d97-1eb6-4340-bcb3-93a43e1235fb,3b913a4b; d92a7d97,handle; handle; knob; knob,51a22b55-9a95-4d7d-a04a-a2566ce01605; 44baaedb-72de-4653-aaf9-7f17959c98ec; 200216d8-7731-4642-b5a9-ed10fccbb417; 840b0e7a-144e-4aef-aae0-41b1d097d74a,"handle: pull to open or close; handle: pull to open or close; knob: rotate to open or close, adjust the setting; knob: rotate to open or close, adjust the setting",3b913a4b-4f6b-4d1c-827c-423fa2de9efc; d92a7d97-1eb6-4340-bcb3-93a43e1235fb; 51a22b55-9a95-4d7d-a04a-a2566ce01605; 44baaedb-72de-4653-aaf9-7f17959c98ec; 200216d8-7731-4642-b5a9-ed10fccbb417; 840b0e7a-144e-4aef-aae0-41b1d097d74a
0kitchen,explicit,open the oven,0kitchen_open-the-oven_GT.json,oven; microwave oven,3b913a4b-4f6b-4d1c-827c-423fa2de9efc; d92a7d97-1eb6-4340-bcb3-93a43e1235fb,3b913a4b; d92a7d97,handle; handle; knob; knob,51a22b55-9a95-4d7d-a04a-a2566ce01605; 44baaedb-72de-4653-aaf9-7f17959c98ec; 200216d8-7731-4642-b5a9-ed10fccbb417; 840b0e7a-144e-4aef-aae0-41b1d097d74a,"handle: pull to open or close; handle: pull to open or close; knob: rotate to open or close, adjust the setting; knob: rotate to open or close, adjust the setting",3b913a4b-4f6b-4d1c-827c-423fa2de9efc; d92a7d97-1eb6-4340-bcb3-93a43e1235fb; 51a22b55-9a95-4d7d-a04a-a2566ce01605; 44baaedb-72de-4653-aaf9-7f17959c98ec; 200216d8-7731-4642-b5a9-ed10fccbb417; 840b0e7a-144e-4aef-aae0-41b1d097d74a
0kitchen,implicit,someone is knocking at the door,0kitchen_someone-is-knocking-at-the-door_GT.json,door,34cd4100-47fb-4288-a81b-7b509b7dc996,34cd4100,handle,12c8dbf9-5804-4081-95fb-f33ebcf78262,handle: rotate to open or close,34cd4100-47fb-4288-a81b-7b509b7dc996; 12c8dbf9-5804-4081-95fb-f33ebcf78262
0kitchen,implicit,there is smoke in the room,0kitchen_there-is-smoke-in-the-room_GT.json,exhaust hood,86df6fd9-8bbd-4ed5-bfc3-3d101184e672,86df6fd9,knob; knob,f21fd874-dadf-440a-b74f-7529be92752f; 975cb651-8816-4d14-a1db-dfb33c81363b,"knob: rotate to open or close, adjust the setting; knob: rotate to open or close, adjust the setting",86df6fd9-8bbd-4ed5-bfc3-3d101184e672; f21fd874-dadf-440a-b74f-7529be92752f; 975cb651-8816-4d14-a1db-dfb33c81363b
0kitchen,explicit,turn on the exhaust hood,0kitchen_turn-on-the-exhaust-hood_GT.json,exhaust hood,86df6fd9-8bbd-4ed5-bfc3-3d101184e672,86df6fd9,knob; knob,f21fd874-dadf-440a-b74f-7529be92752f; 975cb651-8816-4d14-a1db-dfb33c81363b,"knob: rotate to open or close, adjust the setting; knob: rotate to open or close, adjust the setting",86df6fd9-8bbd-4ed5-bfc3-3d101184e672; f21fd874-dadf-440a-b74f-7529be92752f; 975cb651-8816-4d14-a1db-dfb33c81363b
0kitchen,explicit,use the kettle,0kitchen_use-the-kettle_GT.json,kettle,87771722-9826-4f4a-838d-062a6e30c79e,87771722,,,,87771722-9826-4f4a-838d-062a6e30c79e
0kitchen,explicit,use the kitchen sink,0kitchen_use-the-kitchen-sink_GT.json,kitchen sink,dfae4ca4-7a87-402c-b5b7-a64354650b19,dfae4ca4,faucet / handle,e1eae47e-45a4-4419-8b53-ca57f802ad0c,faucet / handle: control the water flow,dfae4ca4-7a87-402c-b5b7-a64354650b19; e1eae47e-45a4-4419-8b53-ca57f802ad0c
10kitchen,implicit,I am hungry,10kitchen_i-am-hungry_02c5fb08_GT.json,kitchen cabinet,02c5fb08-9d63-4b5d-990c-959aacacef35,02c5fb08,knob; knob; knob; knob; knob; knob,198a7f88-1288-4d83-a22e-79a5c92f5a41; f7a5dadd-a40a-43c0-bec2-a19a56e9e224; 36122ed7-ac7f-4d86-a735-3f91e9883871; 67a2bf27-2929-4c3f-aaf6-0d792d035a00; 876f26c5-f7a6-434a-83c5-2c8258ac1098; 80d073d2-5781-4402-b256-80d645450614,knob: pull to open or close; knob: pull to open or close; knob: pull to open or close; knob: pull to open or close; knob: pull to open or close; knob: pull to open or close,02c5fb08-9d63-4b5d-990c-959aacacef35; 198a7f88-1288-4d83-a22e-79a5c92f5a41; f7a5dadd-a40a-43c0-bec2-a19a56e9e224; 36122ed7-ac7f-4d86-a735-3f91e9883871; 67a2bf27-2929-4c3f-aaf6-0d792d035a00; 876f26c5-f7a6-434a-83c5-2c8258ac1098; 80d073d2-5781-4402-b256-80d645450614
10kitchen,implicit,I am hungry,10kitchen_i-am-hungry_2_GT.json,oven,ae2be5ef-53e8-4eba-b082-ab2a3d0d5d2c,ae2be5ef,knob; knob; knob; knob; knob; knob; handle,93d32795-244b-4413-bf44-c9247579d827; 30d8f765-bba8-49dc-8c5c-0c8fa7c6dc68; 464d32dd-ddcb-4ccf-b324-b76d06188f0d; ce2eb948-76c2-4d23-8529-b7fe4417c6e8; 01fbe19d-a02c-4541-a437-669aabe2e788; 95833d6f-1bb1-4280-be1d-74722a30e18b; fe2277f3-89db-4127-978d-f3eb812c3671,knob: rotate to adjust the setting; knob: rotate to adjust the setting; knob: rotate to adjust the setting; knob: rotate to adjust the setting; knob: rotate to adjust the setting; knob: rotate to adjust the setting; handle: pull to open or close,ae2be5ef-53e8-4eba-b082-ab2a3d0d5d2c; 93d32795-244b-4413-bf44-c9247579d827; 30d8f765-bba8-49dc-8c5c-0c8fa7c6dc68; 464d32dd-ddcb-4ccf-b324-b76d06188f0d; ce2eb948-76c2-4d23-8529-b7fe4417c6e8; 01fbe19d-a02c-4541-a437-669aabe2e788; 95833d6f-1bb1-4280-be1d-74722a30e18b; fe2277f3-89db-4127-978d-f3eb812c3671
10kitchen,implicit,I am hungry,10kitchen_i-am-hungry_3_GT.json,toaster,d907d11b-36eb-41d0-8a31-8fefbc6edd6f,d907d11b,,,,d907d11b-36eb-41d0-8a31-8fefbc6edd6f
10kitchen,implicit,I am hungry,10kitchen_i-am-hungry_GT.json,fridge,fb02e7db-ff70-4d40-9482-48d95be39b3a,fb02e7db,handle; handle,3085c5d2-b1ed-4a60-a8cb-20a150923be1; 597dde1f-aea5-4518-b956-5e7efdf7e831,handle: pull to open or close; handle: pull to open or close,fb02e7db-ff70-4d40-9482-48d95be39b3a; 3085c5d2-b1ed-4a60-a8cb-20a150923be1; 597dde1f-aea5-4518-b956-5e7efdf7e831
10kitchen,implicit,I am hungry,10kitchen_i-am-hungry_afb1db89_GT.json,kitchen cabinet,afb1db89-5b81-4e52-8c12-87bd59f636e0,afb1db89,knob; knob,ae3b0fc0-1e7b-4a8a-8b4c-c9e65af2cb7a; ba7544bc-fb6d-4820-91c5-2693261707ff,knob: pull to open or close; knob: pull to open or close,afb1db89-5b81-4e52-8c12-87bd59f636e0; ae3b0fc0-1e7b-4a8a-8b4c-c9e65af2cb7a; ba7544bc-fb6d-4820-91c5-2693261707ff
10kitchen,implicit,I am sleepy,10kitchen_i-am-sleepy_GT.json,coffee maker,66a7fdb1-99ff-4b62-8c8f-9f2870c27db1,66a7fdb1,handle,3db9ce2d-de5a-490d-a4bb-689a7205f7fa,handle: operate or adjust the flow or setting,66a7fdb1-99ff-4b62-8c8f-9f2870c27db1; 3db9ce2d-de5a-490d-a4bb-689a7205f7fa
10kitchen,implicit,my hands are dirty,10kitchen_my-hands-are-dirty_GT.json,kitchen sink,b21b3308-fd5f-4268-a397-a507c39b5f3a,b21b3308,faucet / handle,23590db4-43f4-4890-ab90-d674ce8af2f4,faucet / handle: control the water flow,b21b3308-fd5f-4268-a397-a507c39b5f3a; 23590db4-43f4-4890-ab90-d674ce8af2f4
10kitchen,explicit,open the fridge,10kitchen_open-the-fridge_GT.json,fridge,fb02e7db-ff70-4d40-9482-48d95be39b3a,fb02e7db,handle; handle,3085c5d2-b1ed-4a60-a8cb-20a150923be1; 597dde1f-aea5-4518-b956-5e7efdf7e831,handle: pull to open or close; handle: pull to open or close,fb02e7db-ff70-4d40-9482-48d95be39b3a; 3085c5d2-b1ed-4a60-a8cb-20a150923be1; 597dde1f-aea5-4518-b956-5e7efdf7e831
10kitchen,explicit,open the kitchen cabinet,10kitchen_open-the-kitchen-cabinet_02c5fb08_GT.json,kitchen cabinet,02c5fb08-9d63-4b5d-990c-959aacacef35,02c5fb08,knob; knob; knob; knob; knob; knob,198a7f88-1288-4d83-a22e-79a5c92f5a41; f7a5dadd-a40a-43c0-bec2-a19a56e9e224; 36122ed7-ac7f-4d86-a735-3f91e9883871; 67a2bf27-2929-4c3f-aaf6-0d792d035a00; 876f26c5-f7a6-434a-83c5-2c8258ac1098; 80d073d2-5781-4402-b256-80d645450614,knob: pull to open or close; knob: pull to open or close; knob: pull to open or close; knob: pull to open or close; knob: pull to open or close; knob: pull to open or close,02c5fb08-9d63-4b5d-990c-959aacacef35; 198a7f88-1288-4d83-a22e-79a5c92f5a41; f7a5dadd-a40a-43c0-bec2-a19a56e9e224; 36122ed7-ac7f-4d86-a735-3f91e9883871; 67a2bf27-2929-4c3f-aaf6-0d792d035a00; 876f26c5-f7a6-434a-83c5-2c8258ac1098; 80d073d2-5781-4402-b256-80d645450614
10kitchen,explicit,open the kitchen cabinet,10kitchen_open-the-kitchen-cabinet_afb1db89_GT.json,kitchen cabinet,afb1db89-5b81-4e52-8c12-87bd59f636e0,afb1db89,knob; knob,ae3b0fc0-1e7b-4a8a-8b4c-c9e65af2cb7a; ba7544bc-fb6d-4820-91c5-2693261707ff,knob: pull to open or close; knob: pull to open or close,afb1db89-5b81-4e52-8c12-87bd59f636e0; ae3b0fc0-1e7b-4a8a-8b4c-c9e65af2cb7a; ba7544bc-fb6d-4820-91c5-2693261707ff
10kitchen,explicit,open the oven,10kitchen_open-the-oven_GT.json,oven,ae2be5ef-53e8-4eba-b082-ab2a3d0d5d2c,ae2be5ef,knob; knob; knob; knob; knob; knob; handle,93d32795-244b-4413-bf44-c9247579d827; 30d8f765-bba8-49dc-8c5c-0c8fa7c6dc68; 464d32dd-ddcb-4ccf-b324-b76d06188f0d; ce2eb948-76c2-4d23-8529-b7fe4417c6e8; 01fbe19d-a02c-4541-a437-669aabe2e788; 95833d6f-1bb1-4280-be1d-74722a30e18b; fe2277f3-89db-4127-978d-f3eb812c3671,knob: rotate to adjust the setting; knob: rotate to adjust the setting; knob: rotate to adjust the setting; knob: rotate to adjust the setting; knob: rotate to adjust the setting; knob: rotate to adjust the setting; handle: pull to open or close,ae2be5ef-53e8-4eba-b082-ab2a3d0d5d2c; 93d32795-244b-4413-bf44-c9247579d827; 30d8f765-bba8-49dc-8c5c-0c8fa7c6dc68; 464d32dd-ddcb-4ccf-b324-b76d06188f0d; ce2eb948-76c2-4d23-8529-b7fe4417c6e8; 01fbe19d-a02c-4541-a437-669aabe2e788; 95833d6f-1bb1-4280-be1d-74722a30e18b; fe2277f3-89db-4127-978d-f3eb812c3671
10kitchen,explicit,use the coffee maker,10kitchen_use-the-coffee-maker_GT.json,coffee maker,66a7fdb1-99ff-4b62-8c8f-9f2870c27db1,66a7fdb1,handle,3db9ce2d-de5a-490d-a4bb-689a7205f7fa,handle: operate or adjust the flow or setting,66a7fdb1-99ff-4b62-8c8f-9f2870c27db1; 3db9ce2d-de5a-490d-a4bb-689a7205f7fa
10kitchen,explicit,use the kitchen sink,10kitchen_use-the-kitchen-sink_GT.json,kitchen sink,b21b3308-fd5f-4268-a397-a507c39b5f3a,b21b3308,faucet / handle,23590db4-43f4-4890-ab90-d674ce8af2f4,faucet / handle: control the water flow,b21b3308-fd5f-4268-a397-a507c39b5f3a; 23590db4-43f4-4890-ab90-d674ce8af2f4
10kitchen,explicit,use the toaster,10kitchen_use-the-toaster_GT.json,toaster,d907d11b-36eb-41d0-8a31-8fefbc6edd6f,d907d11b,,,,d907d11b-36eb-41d0-8a31-8fefbc6edd6f
11bedroom,implicit,I need office supplies from my desk,11bedroom_i-need-office-supplies-from-my-desk_GT.json,desk drawer,e461d8a7-bf31-487b-a848-1185950df166,e461d8a7,knob; knob; knob,4f273bf1-ea5e-4768-a4df-979a1e2d98e1; b1a5ee8d-b76e-4a7e-8077-0c6d9780e393; e42d78c4-a043-4003-b8ae-b8fdf38ed44b,knob: pull to open or close; knob: pull to open or close; knob: pull to open or close,e461d8a7-bf31-487b-a848-1185950df166; 4f273bf1-ea5e-4768-a4df-979a1e2d98e1; b1a5ee8d-b76e-4a7e-8077-0c6d9780e393; e42d78c4-a043-4003-b8ae-b8fdf38ed44b
11bedroom,implicit,it's dark in here,11bedroom_its-dark-in-here_015b3931_GT.json,lamp,015b3931-b261-4758-a138-d2eba2432be8,015b3931,,,,015b3931-b261-4758-a138-d2eba2432be8
11bedroom,implicit,it's dark in here,11bedroom_its-dark-in-here_57cb09de_GT.json,lamp,57cb09de-1c94-4f06-8042-6f0415650c2d,57cb09de,,,,57cb09de-1c94-4f06-8042-6f0415650c2d
11bedroom,implicit,it's dark in here,11bedroom_its-dark-in-here_7c2e7afd_GT.json,lamp,7c2e7afd-0278-4a23-974a-8b82b1b73e29,7c2e7afd,switch,fabac5d1-d4b8-4bbf-8af4-a1f6b5510fff,"switch: control, turn on or turn off",7c2e7afd-0278-4a23-974a-8b82b1b73e29; fabac5d1-d4b8-4bbf-8af4-a1f6b5510fff
11bedroom,implicit,it's dark in here,11bedroom_its-dark-in-here_9c76fe85_GT.json,lamp,9c76fe85-542e-46d1-885f-422eff1fb67f,9c76fe85,,,,9c76fe85-542e-46d1-885f-422eff1fb67f
11bedroom,explicit,open the desk drawer,11bedroom_open-the-desk-drawer_GT.json,desk drawer,e461d8a7-bf31-487b-a848-1185950df166,e461d8a7,knob; knob; knob,4f273bf1-ea5e-4768-a4df-979a1e2d98e1; b1a5ee8d-b76e-4a7e-8077-0c6d9780e393; e42d78c4-a043-4003-b8ae-b8fdf38ed44b,knob: pull to open or close; knob: pull to open or close; knob: pull to open or close,e461d8a7-bf31-487b-a848-1185950df166; 4f273bf1-ea5e-4768-a4df-979a1e2d98e1; b1a5ee8d-b76e-4a7e-8077-0c6d9780e393; e42d78c4-a043-4003-b8ae-b8fdf38ed44b
11bedroom,explicit,open the door,11bedroom_open-the-door_GT.json,door,ab079220-e682-4a0c-9c34-3022fa6ffe20,ab079220,handle,91d1304c-e3b0-49f6-9ac0-9ad498561b96,handle: rotate to open or close,ab079220-e682-4a0c-9c34-3022fa6ffe20; 91d1304c-e3b0-49f6-9ac0-9ad498561b96
11bedroom,explicit,open the window,11bedroom_open-the-window_GT.json,window,5999f46d-0997-42df-8f4a-c2ca938e6511,5999f46d,handle,edad5214-8d75-4e4f-a1c9-12bf78169766,handle: rotate to open or close,5999f46d-0997-42df-8f4a-c2ca938e6511; edad5214-8d75-4e4f-a1c9-12bf78169766
11bedroom,implicit,someone is knocking at the door,11bedroom_someone-is-knocking-at-the-door_GT.json,door,ab079220-e682-4a0c-9c34-3022fa6ffe20,ab079220,handle,91d1304c-e3b0-49f6-9ac0-9ad498561b96,handle: rotate to open or close,ab079220-e682-4a0c-9c34-3022fa6ffe20; 91d1304c-e3b0-49f6-9ac0-9ad498561b96
11bedroom,implicit,there is smoke in the room,11bedroom_there-is-smoke-in-the-room_GT.json,window,5999f46d-0997-42df-8f4a-c2ca938e6511,5999f46d,handle,edad5214-8d75-4e4f-a1c9-12bf78169766,handle: rotate to open or close,5999f46d-0997-42df-8f4a-c2ca938e6511; edad5214-8d75-4e4f-a1c9-12bf78169766
11bedroom,explicit,turn on the lamp,11bedroom_turn-on-the-lamp_015b3931_GT.json,lamp,015b3931-b261-4758-a138-d2eba2432be8,015b3931,,,,015b3931-b261-4758-a138-d2eba2432be8
11bedroom,explicit,turn on the lamp,11bedroom_turn-on-the-lamp_57cb09de_GT.json,lamp,57cb09de-1c94-4f06-8042-6f0415650c2d,57cb09de,,,,57cb09de-1c94-4f06-8042-6f0415650c2d
11bedroom,explicit,turn on the lamp,11bedroom_turn-on-the-lamp_7c2e7afd_GT.json,lamp,7c2e7afd-0278-4a23-974a-8b82b1b73e29,7c2e7afd,switch,fabac5d1-d4b8-4bbf-8af4-a1f6b5510fff,"switch: control, turn on or turn off",7c2e7afd-0278-4a23-974a-8b82b1b73e29; fabac5d1-d4b8-4bbf-8af4-a1f6b5510fff
11bedroom,explicit,turn on the lamp,11bedroom_turn-on-the-lamp_9c76fe85_GT.json,lamp,9c76fe85-542e-46d1-885f-422eff1fb67f,9c76fe85,,,,9c76fe85-542e-46d1-885f-422eff1fb67f
12kitchen,explicit,adjust the radiator temperature,12kitchen_adjust-the-radiator-temperature_GT.json,radiator,fb600ca1-8e82-47e0-888a-408fab813991,fb600ca1,knob,745544f4-a8ca-4bbe-aed8-986368200c4a,knob: rotate to adjust the temperature,fb600ca1-8e82-47e0-888a-408fab813991; 745544f4-a8ca-4bbe-aed8-986368200c4a
12kitchen,implicit,I am hungry,12kitchen_i-am-hungry_1df7ab42_GT.json,kitchen cabinet,1df7ab42-bac0-4282-9bef-f9fbc46cc5f0,1df7ab42,handle / knob; handle / knob,4ebc38b0-9d3d-41e2-8fdb-8dc3f1cabd9b; 285ac4e9-7741-4790-837e-1dbd4393055c,handle / knob: pull to open or close; handle / knob: pull to open or close,1df7ab42-bac0-4282-9bef-f9fbc46cc5f0; 4ebc38b0-9d3d-41e2-8fdb-8dc3f1cabd9b; 285ac4e9-7741-4790-837e-1dbd4393055c
12kitchen,implicit,I am hungry,12kitchen_i-am-hungry_2_GT.json,oven; microwave oven,f339a688-4f83-4acf-8471-e90228c4a07e; f2002623-802a-4206-82df-b7ce839aeb7f,f339a688; f2002623,button; button; handle; handle; handle; knob,9a3cc6e0-fb3c-4207-8618-4ffcd995eec3; cd483b3d-7757-4fe3-b085-82f22888db42; 65988f77-2094-4552-b639-44056e154067; 387fa922-f379-4aef-a653-315a5a0e89b0; 33c6800c-3e97-4b15-9801-8adbc7888ede; 9cba6a08-d29f-4d09-96dd-e2e0738607ea,"button: press to open or close, or to adjust the setting; button: press to open or close, or to adjust the setting; handle: pull to open or close; handle: pull to open or close; handle: pull to open or close; knob: rotate to open or close, or to adjust the setting, time and temperature",f339a688-4f83-4acf-8471-e90228c4a07e; f2002623-802a-4206-82df-b7ce839aeb7f; 9a3cc6e0-fb3c-4207-8618-4ffcd995eec3; cd483b3d-7757-4fe3-b085-82f22888db42; 65988f77-2094-4552-b639-44056e154067; 387fa922-f379-4aef-a653-315a5a0e89b0; 33c6800c-3e97-4b15-9801-8adbc7888ede; 9cba6a08-d29f-4d09-96dd-e2e0738607ea
12kitchen,implicit,I am hungry,12kitchen_i-am-hungry_3_GT.json,oven; microwave oven,f339a688-4f83-4acf-8471-e90228c4a07e; f2002623-802a-4206-82df-b7ce839aeb7f,f339a688; f2002623,button; button; handle; handle; handle; knob,9a3cc6e0-fb3c-4207-8618-4ffcd995eec3; cd483b3d-7757-4fe3-b085-82f22888db42; 65988f77-2094-4552-b639-44056e154067; 387fa922-f379-4aef-a653-315a5a0e89b0; 33c6800c-3e97-4b15-9801-8adbc7888ede; 9cba6a08-d29f-4d09-96dd-e2e0738607ea,"button: press to open or close, or to adjust the setting; button: press to open or close, or to adjust the setting; handle: pull to open or close; handle: pull to open or close; handle: pull to open or close; knob: rotate to open or close, or to adjust the setting, time and temperature",f339a688-4f83-4acf-8471-e90228c4a07e; f2002623-802a-4206-82df-b7ce839aeb7f; 9a3cc6e0-fb3c-4207-8618-4ffcd995eec3; cd483b3d-7757-4fe3-b085-82f22888db42; 65988f77-2094-4552-b639-44056e154067; 387fa922-f379-4aef-a653-315a5a0e89b0; 33c6800c-3e97-4b15-9801-8adbc7888ede; 9cba6a08-d29f-4d09-96dd-e2e0738607ea
12kitchen,implicit,I am hungry,12kitchen_i-am-hungry_76af3134_GT.json,kitchen cabinet,76af3134-447f-42fa-80b0-db98f4dcf728,76af3134,handle / knob; handle / knob; handle / knob,a827b5c6-e001-48c6-99d7-b980ae01cbf7; 601ff2d9-10c2-404b-9d05-13cfc8ace799; 64f143d5-f7a3-4d49-bcb9-7decf7602efa,handle / knob: pull to open or close; handle / knob: pull to open or close; handle / knob: pull to open or close,76af3134-447f-42fa-80b0-db98f4dcf728; a827b5c6-e001-48c6-99d7-b980ae01cbf7; 601ff2d9-10c2-404b-9d05-13cfc8ace799; 64f143d5-f7a3-4d49-bcb9-7decf7602efa
12kitchen,implicit,I am hungry,12kitchen_i-am-hungry_8dda16d0_GT.json,kitchen cabinet / kitchen counter,8dda16d0-4f22-468d-b7bc-2b4f7c8ef835,8dda16d0,handle / knob; handle / knob; handle / knob; handle / knob; handle / knob,b1743fca-c222-40a4-bd73-027725181331; 8350b046-97b5-4f34-8a98-8672910d40ac; 066ffbee-c6fd-49fd-b779-e2188ca69c22; 2bf3ad66-f6a8-49ec-adfa-72e62c0a9f0f; b7f1f433-6281-4fa0-a06b-4a11cd870181,handle / knob: pull to open or close; handle / knob: pull to open or close; handle / knob: pull to open or close; handle / knob: pull to open or close; handle / knob: pull to open or close,8dda16d0-4f22-468d-b7bc-2b4f7c8ef835; b1743fca-c222-40a4-bd73-027725181331; 8350b046-97b5-4f34-8a98-8672910d40ac; 066ffbee-c6fd-49fd-b779-e2188ca69c22; 2bf3ad66-f6a8-49ec-adfa-72e62c0a9f0f; b7f1f433-6281-4fa0-a06b-4a11cd870181
12kitchen,implicit,I am hungry,12kitchen_i-am-hungry_GT.json,kitchen cabinet / fridge,1d98b33b-fbed-463f-8a31-4a7e2ba9d6b4,1d98b33b,handle / knob; handle / knob,f1e9a6f8-021a-4944-8a46-e0274b843644; bbe67ebe-dd99-4c23-b307-184f074cc587,handle / knob: pull to open or close; handle / knob: pull to open or close,1d98b33b-fbed-463f-8a31-4a7e2ba9d6b4; f1e9a6f8-021a-4944-8a46-e0274b843644; bbe67ebe-dd99-4c23-b307-184f074cc587
12kitchen,implicit,it's too cold in here,12kitchen_its-too-cold-in-here_GT.json,radiator,fb600ca1-8e82-47e0-888a-408fab813991,fb600ca1,knob,745544f4-a8ca-4bbe-aed8-986368200c4a,knob: rotate to adjust the temperature,fb600ca1-8e82-47e0-888a-408fab813991; 745544f4-a8ca-4bbe-aed8-986368200c4a
12kitchen,implicit,my hands are dirty,12kitchen_my-hands-are-dirty_GT.json,kitchen sink,00becc68-446f-49ad-bd09-71f582ac55b3,00becc68,faucet / handle,77d585fc-ed79-4562-a479-f174a8b19943,faucet / handle: control the water flow,00becc68-446f-49ad-bd09-71f582ac55b3; 77d585fc-ed79-4562-a479-f174a8b19943
12kitchen,explicit,open the door,12kitchen_open-the-door_GT.json,door,f9af0467-9ff2-4ce3-bedf-058d842c13c4,f9af0467,handle,71b4b344-2fef-47c5-9861-02bf4845c5ed,handle: rotate to open or close,f9af0467-9ff2-4ce3-bedf-058d842c13c4; 71b4b344-2fef-47c5-9861-02bf4845c5ed
12kitchen,explicit,open the fridge,12kitchen_open-the-fridge_GT.json,kitchen cabinet / fridge,1d98b33b-fbed-463f-8a31-4a7e2ba9d6b4,1d98b33b,handle / knob; handle / knob,f1e9a6f8-021a-4944-8a46-e0274b843644; bbe67ebe-dd99-4c23-b307-184f074cc587,handle / knob: pull to open or close; handle / knob: pull to open or close,1d98b33b-fbed-463f-8a31-4a7e2ba9d6b4; f1e9a6f8-021a-4944-8a46-e0274b843644; bbe67ebe-dd99-4c23-b307-184f074cc587
12kitchen,explicit,open the kitchen cabinet,12kitchen_open-the-kitchen-cabinet_1df7ab42_GT.json,kitchen cabinet,1df7ab42-bac0-4282-9bef-f9fbc46cc5f0,1df7ab42,handle / knob; handle / knob,4ebc38b0-9d3d-41e2-8fdb-8dc3f1cabd9b; 285ac4e9-7741-4790-837e-1dbd4393055c,handle / knob: pull to open or close; handle / knob: pull to open or close,1df7ab42-bac0-4282-9bef-f9fbc46cc5f0; 4ebc38b0-9d3d-41e2-8fdb-8dc3f1cabd9b; 285ac4e9-7741-4790-837e-1dbd4393055c
12kitchen,explicit,open the kitchen cabinet,12kitchen_open-the-kitchen-cabinet_76af3134_GT.json,kitchen cabinet,76af3134-447f-42fa-80b0-db98f4dcf728,76af3134,handle / knob; handle / knob; handle / knob,a827b5c6-e001-48c6-99d7-b980ae01cbf7; 601ff2d9-10c2-404b-9d05-13cfc8ace799; 64f143d5-f7a3-4d49-bcb9-7decf7602efa,handle / knob: pull to open or close; handle / knob: pull to open or close; handle / knob: pull to open or close,76af3134-447f-42fa-80b0-db98f4dcf728; a827b5c6-e001-48c6-99d7-b980ae01cbf7; 601ff2d9-10c2-404b-9d05-13cfc8ace799; 64f143d5-f7a3-4d49-bcb9-7decf7602efa
12kitchen,explicit,open the kitchen cabinet,12kitchen_open-the-kitchen-cabinet_8dda16d0_GT.json,kitchen cabinet / kitchen counter,8dda16d0-4f22-468d-b7bc-2b4f7c8ef835,8dda16d0,handle / knob; handle / knob; handle / knob; handle / knob; handle / knob,b1743fca-c222-40a4-bd73-027725181331; 8350b046-97b5-4f34-8a98-8672910d40ac; 066ffbee-c6fd-49fd-b779-e2188ca69c22; 2bf3ad66-f6a8-49ec-adfa-72e62c0a9f0f; b7f1f433-6281-4fa0-a06b-4a11cd870181,handle / knob: pull to open or close; handle / knob: pull to open or close; handle / knob: pull to open or close; handle / knob: pull to open or close; handle / knob: pull to open or close,8dda16d0-4f22-468d-b7bc-2b4f7c8ef835; b1743fca-c222-40a4-bd73-027725181331; 8350b046-97b5-4f34-8a98-8672910d40ac; 066ffbee-c6fd-49fd-b779-e2188ca69c22; 2bf3ad66-f6a8-49ec-adfa-72e62c0a9f0f; b7f1f433-6281-4fa0-a06b-4a11cd870181
12kitchen,explicit,open the microwave oven,12kitchen_open-the-microwave-oven_GT.json,oven; microwave oven,f339a688-4f83-4acf-8471-e90228c4a07e; f2002623-802a-4206-82df-b7ce839aeb7f,f339a688; f2002623,button; button; handle; handle; handle; knob,9a3cc6e0-fb3c-4207-8618-4ffcd995eec3; cd483b3d-7757-4fe3-b085-82f22888db42; 65988f77-2094-4552-b639-44056e154067; 387fa922-f379-4aef-a653-315a5a0e89b0; 33c6800c-3e97-4b15-9801-8adbc7888ede; 9cba6a08-d29f-4d09-96dd-e2e0738607ea,"button: press to open or close, or to adjust the setting; button: press to open or close, or to adjust the setting; handle: pull to open or close; handle: pull to open or close; handle: pull to open or close; knob: rotate to open or close, or to adjust the setting, time and temperature",f339a688-4f83-4acf-8471-e90228c4a07e; f2002623-802a-4206-82df-b7ce839aeb7f; 9a3cc6e0-fb3c-4207-8618-4ffcd995eec3; cd483b3d-7757-4fe3-b085-82f22888db42; 65988f77-2094-4552-b639-44056e154067; 387fa922-f379-4aef-a653-315a5a0e89b0; 33c6800c-3e97-4b15-9801-8adbc7888ede; 9cba6a08-d29f-4d09-96dd-e2e0738607ea
12kitchen,explicit,open the oven,12kitchen_open-the-oven_GT.json,oven; microwave oven,f339a688-4f83-4acf-8471-e90228c4a07e; f2002623-802a-4206-82df-b7ce839aeb7f,f339a688; f2002623,button; button; handle; handle; handle; knob,9a3cc6e0-fb3c-4207-8618-4ffcd995eec3; cd483b3d-7757-4fe3-b085-82f22888db42; 65988f77-2094-4552-b639-44056e154067; 387fa922-f379-4aef-a653-315a5a0e89b0; 33c6800c-3e97-4b15-9801-8adbc7888ede; 9cba6a08-d29f-4d09-96dd-e2e0738607ea,"button: press to open or close, or to adjust the setting; button: press to open or close, or to adjust the setting; handle: pull to open or close; handle: pull to open or close; handle: pull to open or close; knob: rotate to open or close, or to adjust the setting, time and temperature",f339a688-4f83-4acf-8471-e90228c4a07e; f2002623-802a-4206-82df-b7ce839aeb7f; 9a3cc6e0-fb3c-4207-8618-4ffcd995eec3; cd483b3d-7757-4fe3-b085-82f22888db42; 65988f77-2094-4552-b639-44056e154067; 387fa922-f379-4aef-a653-315a5a0e89b0; 33c6800c-3e97-4b15-9801-8adbc7888ede; 9cba6a08-d29f-4d09-96dd-e2e0738607ea
12kitchen,explicit,open the window,12kitchen_open-the-window_GT.json,window,910dfa70-00fe-49b9-8465-d1e6d2ea70f3,910dfa70,handle,436aac63-53a7-4c92-b295-e9c0c4b46f2e,handle: rotate to open or close,910dfa70-00fe-49b9-8465-d1e6d2ea70f3; 436aac63-53a7-4c92-b295-e9c0c4b46f2e
12kitchen,implicit,someone is knocking at the door,12kitchen_someone-is-knocking-at-the-door_GT.json,door,f9af0467-9ff2-4ce3-bedf-058d842c13c4,f9af0467,handle,71b4b344-2fef-47c5-9861-02bf4845c5ed,handle: rotate to open or close,f9af0467-9ff2-4ce3-bedf-058d842c13c4; 71b4b344-2fef-47c5-9861-02bf4845c5ed
12kitchen,implicit,there is smoke in the room,12kitchen_there-is-smoke-in-the-room_2_GT.json,exhaust hood,8ee38466-9054-4600-a7f1-04a198caaf2b,8ee38466,button,20d140ce-61fb-4d32-aed8-b62b2c4bb575,"button: press to open or close, or to adjust the wind flow",8ee38466-9054-4600-a7f1-04a198caaf2b; 20d140ce-61fb-4d32-aed8-b62b2c4bb575
12kitchen,implicit,there is smoke in the room,12kitchen_there-is-smoke-in-the-room_GT.json,window,910dfa70-00fe-49b9-8465-d1e6d2ea70f3,910dfa70,handle,436aac63-53a7-4c92-b295-e9c0c4b46f2e,handle: rotate to open or close,910dfa70-00fe-49b9-8465-d1e6d2ea70f3; 436aac63-53a7-4c92-b295-e9c0c4b46f2e
12kitchen,explicit,turn on the exhaust hood,12kitchen_turn-on-the-exhaust-hood_GT.json,exhaust hood,8ee38466-9054-4600-a7f1-04a198caaf2b,8ee38466,button,20d140ce-61fb-4d32-aed8-b62b2c4bb575,"button: press to open or close, or to adjust the wind flow",8ee38466-9054-4600-a7f1-04a198caaf2b; 20d140ce-61fb-4d32-aed8-b62b2c4bb575
12kitchen,explicit,use the kitchen sink,12kitchen_use-the-kitchen-sink_GT.json,kitchen sink,00becc68-446f-49ad-bd09-71f582ac55b3,00becc68,faucet / handle,77d585fc-ed79-4562-a479-f174a8b19943,faucet / handle: control the water flow,00becc68-446f-49ad-bd09-71f582ac55b3; 77d585fc-ed79-4562-a479-f174a8b19943
13bathroom,explicit,adjust the radiator temperature,13bathroom_adjust-the-radiator-temperature_GT.json,radiator,b3a9f35c-5404-4091-909c-4dd52ad842bf,b3a9f35c,knob,28c908cc-bbeb-4275-b2e0-feed91f0544a,knob: rotate to adjust the temperature,b3a9f35c-5404-4091-909c-4dd52ad842bf; 28c908cc-bbeb-4275-b2e0-feed91f0544a
13bathroom,explicit,flush the toilet,13bathroom_flush-the-toilet_GT.json,toilet,9f3f7df5-4751-4f24-bd19-9e08225640ad,9f3f7df5,button,f934cad2-9e21-45b3-8ae0-3656a7b8cd7e,button: press to flush,9f3f7df5-4751-4f24-bd19-9e08225640ad; f934cad2-9e21-45b3-8ae0-3656a7b8cd7e
13bathroom,implicit,I just used the toilet,13bathroom_i-just-used-the-toilet_GT.json,toilet,9f3f7df5-4751-4f24-bd19-9e08225640ad,9f3f7df5,button,f934cad2-9e21-45b3-8ae0-3656a7b8cd7e,button: press to flush,9f3f7df5-4751-4f24-bd19-9e08225640ad; f934cad2-9e21-45b3-8ae0-3656a7b8cd7e
13bathroom,implicit,I need to get my toiletries,13bathroom_i-need-to-get-my-toiletries_GT.json,bathroom vanity,dccb9165-7e18-4ee4-a30c-ba295b251e95,dccb9165,knob; knob; knob; knob; knob,0561874e-2fc3-4af3-84af-ac11b6f11288; 516c5c1d-8ba0-4284-9005-b730f5884f29; 90da83c0-b6b7-4054-a957-70250023ead7; 1c887c15-77fb-48cd-b199-648bcb058098; 2bcc8f71-864f-4c69-9cd4-e0f81574f6ae,knob: pull to open or close a cabinet or drawer; knob: pull to open or close a cabinet or drawer; knob: pull to open or close a cabinet or drawer; knob: pull to open or close a cabinet or drawer; knob: pull to open or close a cabinet or drawer,dccb9165-7e18-4ee4-a30c-ba295b251e95; 0561874e-2fc3-4af3-84af-ac11b6f11288; 516c5c1d-8ba0-4284-9005-b730f5884f29; 90da83c0-b6b7-4054-a957-70250023ead7; 1c887c15-77fb-48cd-b199-648bcb058098; 2bcc8f71-864f-4c69-9cd4-e0f81574f6ae
13bathroom,implicit,I need to throw away trash,13bathroom_i-need-to-throw-away-trash_GT.json,trashcan,98c0d73f-1043-4695-909e-c3f552d8aaeb,98c0d73f,knob,76a46ef3-4bf2-4ac5-a503-1ff4b14bcd15,knob: push or press to open,98c0d73f-1043-4695-909e-c3f552d8aaeb; 76a46ef3-4bf2-4ac5-a503-1ff4b14bcd15
13bathroom,implicit,I want to take a hot bath,13bathroom_i-want-to-take-a-hot-bath_GT.json,bathtub,fe4e7b9d-ad1d-456d-9f3e-8d3446714286,fe4e7b9d,button / knob; knob / handle / faucet,7cbd6558-4aa2-43f3-9722-ea8ec5600d1f; 910a7e36-8adb-472d-adb5-18e25f8e9a2e,button / knob: press or rotate to control the drain water flow; knob / handle / faucet: control the water flow,fe4e7b9d-ad1d-456d-9f3e-8d3446714286; 7cbd6558-4aa2-43f3-9722-ea8ec5600d1f; 910a7e36-8adb-472d-adb5-18e25f8e9a2e
13bathroom,implicit,it's too cold in here,13bathroom_its-too-cold-in-here_GT.json,radiator,b3a9f35c-5404-4091-909c-4dd52ad842bf,b3a9f35c,knob,28c908cc-bbeb-4275-b2e0-feed91f0544a,knob: rotate to adjust the temperature,b3a9f35c-5404-4091-909c-4dd52ad842bf; 28c908cc-bbeb-4275-b2e0-feed91f0544a
13bathroom,implicit,my hands are dirty,13bathroom_my-hands-are-dirty_GT.json,bathroom sink,4490a892-2e27-46ee-b20b-0402036b96db,4490a892,faucet / handle,bbf7d4a8-104d-4b26-a182-a4089c8e17eb,faucet / handle: control the water flow,4490a892-2e27-46ee-b20b-0402036b96db; bbf7d4a8-104d-4b26-a182-a4089c8e17eb
13bathroom,explicit,open the bathroom vanity,13bathroom_open-the-bathroom-vanity_GT.json,bathroom vanity,dccb9165-7e18-4ee4-a30c-ba295b251e95,dccb9165,knob; knob; knob; knob; knob,0561874e-2fc3-4af3-84af-ac11b6f11288; 516c5c1d-8ba0-4284-9005-b730f5884f29; 90da83c0-b6b7-4054-a957-70250023ead7; 1c887c15-77fb-48cd-b199-648bcb058098; 2bcc8f71-864f-4c69-9cd4-e0f81574f6ae,knob: pull to open or close a cabinet or drawer; knob: pull to open or close a cabinet or drawer; knob: pull to open or close a cabinet or drawer; knob: pull to open or close a cabinet or drawer; knob: pull to open or close a cabinet or drawer,dccb9165-7e18-4ee4-a30c-ba295b251e95; 0561874e-2fc3-4af3-84af-ac11b6f11288; 516c5c1d-8ba0-4284-9005-b730f5884f29; 90da83c0-b6b7-4054-a957-70250023ead7; 1c887c15-77fb-48cd-b199-648bcb058098; 2bcc8f71-864f-4c69-9cd4-e0f81574f6ae
13bathroom,explicit,open the door,13bathroom_open-the-door_GT.json,door,39b09ac3-f4af-4f26-904a-86c59397ed06,39b09ac3,handle,e4802b30-56ee-4dc4-a983-026ea7cc3319,handle: rotate to open or close,39b09ac3-f4af-4f26-904a-86c59397ed06; e4802b30-56ee-4dc4-a983-026ea7cc3319
13bathroom,explicit,open the trashcan,13bathroom_open-the-trashcan_GT.json,trashcan,98c0d73f-1043-4695-909e-c3f552d8aaeb,98c0d73f,knob,76a46ef3-4bf2-4ac5-a503-1ff4b14bcd15,knob: push or press to open,98c0d73f-1043-4695-909e-c3f552d8aaeb; 76a46ef3-4bf2-4ac5-a503-1ff4b14bcd15
13bathroom,explicit,open the window,13bathroom_open-the-window_GT.json,window,3ddd9d01-a30e-433e-bcea-6a950151a205,3ddd9d01,handle,d6f87229-5547-49f7-9716-9a4075c868db,handle: rotate to open or close,3ddd9d01-a30e-433e-bcea-6a950151a205; d6f87229-5547-49f7-9716-9a4075c868db
13bathroom,implicit,someone is knocking at the door,13bathroom_someone-is-knocking-at-the-door_GT.json,door,39b09ac3-f4af-4f26-904a-86c59397ed06,39b09ac3,handle,e4802b30-56ee-4dc4-a983-026ea7cc3319,handle: rotate to open or close,39b09ac3-f4af-4f26-904a-86c59397ed06; e4802b30-56ee-4dc4-a983-026ea7cc3319
13bathroom,implicit,there is smoke in the room,13bathroom_there-is-smoke-in-the-room_GT.json,window,3ddd9d01-a30e-433e-bcea-6a950151a205,3ddd9d01,handle,d6f87229-5547-49f7-9716-9a4075c868db,handle: rotate to open or close,3ddd9d01-a30e-433e-bcea-6a950151a205; d6f87229-5547-49f7-9716-9a4075c868db
13bathroom,explicit,use the bathroom sink,13bathroom_use-the-bathroom-sink_GT.json,bathroom sink,4490a892-2e27-46ee-b20b-0402036b96db,4490a892,faucet / handle,bbf7d4a8-104d-4b26-a182-a4089c8e17eb,faucet / handle: control the water flow,4490a892-2e27-46ee-b20b-0402036b96db; bbf7d4a8-104d-4b26-a182-a4089c8e17eb
13bathroom,explicit,use the bathtub,13bathroom_use-the-bathtub_GT.json,bathtub,fe4e7b9d-ad1d-456d-9f3e-8d3446714286,fe4e7b9d,button / knob; knob / handle / faucet,7cbd6558-4aa2-43f3-9722-ea8ec5600d1f; 910a7e36-8adb-472d-adb5-18e25f8e9a2e,button / knob: press or rotate to control the drain water flow; knob / handle / faucet: control the water flow,fe4e7b9d-ad1d-456d-9f3e-8d3446714286; 7cbd6558-4aa2-43f3-9722-ea8ec5600d1f; 910a7e36-8adb-472d-adb5-18e25f8e9a2e
1bathroom,explicit,adjust the radiator temperature,1bathroom_adjust-the-radiator-temperature_GT.json,radiator,c793addb-92d0-407e-82a9-8f78062e36d0,c793addb,knob,0d6e2bb7-05a6-4de3-95d9-817c3e312c00,knob: rotate to adjust the temperature,c793addb-92d0-407e-82a9-8f78062e36d0; 0d6e2bb7-05a6-4de3-95d9-817c3e312c00
1bathroom,explicit,flush the toilet,1bathroom_flush-the-toilet_GT.json,toilet,eae369de-7a70-47d8-b5a4-873669f31946,eae369de,handle,10f5c4c4-45e4-403b-b121-7dd591f33acf,handle: press to flush,eae369de-7a70-47d8-b5a4-873669f31946; 10f5c4c4-45e4-403b-b121-7dd591f33acf
1bathroom,implicit,I just used the toilet,1bathroom_i-just-used-the-toilet_GT.json,toilet,eae369de-7a70-47d8-b5a4-873669f31946,eae369de,handle,10f5c4c4-45e4-403b-b121-7dd591f33acf,handle: press to flush,eae369de-7a70-47d8-b5a4-873669f31946; 10f5c4c4-45e4-403b-b121-7dd591f33acf
1bathroom,implicit,I want to take a hot bath,1bathroom_i-want-to-take-a-hot-bath_GT.json,bathtub,fc7d4d40-b14b-40f6-aef2-ab95c48ceda1,fc7d4d40,faucet / handle; knob,ece708eb-dfd2-46ee-8bc9-34da286cdcca; 59fee29a-737e-44d3-b6e6-6d1b511c7792,faucet / handle: control the water flow; knob: control the water flow,fc7d4d40-b14b-40f6-aef2-ab95c48ceda1; ece708eb-dfd2-46ee-8bc9-34da286cdcca; 59fee29a-737e-44d3-b6e6-6d1b511c7792
1bathroom,implicit,it's too cold in here,1bathroom_its-too-cold-in-here_GT.json,radiator,c793addb-92d0-407e-82a9-8f78062e36d0,c793addb,knob,0d6e2bb7-05a6-4de3-95d9-817c3e312c00,knob: rotate to adjust the temperature,c793addb-92d0-407e-82a9-8f78062e36d0; 0d6e2bb7-05a6-4de3-95d9-817c3e312c00
1bathroom,implicit,my hands are dirty,1bathroom_my-hands-are-dirty_GT.json,bathroom sink,07a85c08-4a23-4a4f-830b-697309388194,07a85c08,faucet / handle; button / knob,f9c2845c-a663-48e9-9d06-c473ddff9ad6; 9b386711-0502-4c62-92bb-2eab67fb3bca,faucet / handle: control the water flow; button / knob: press or rotate to control the water flow,07a85c08-4a23-4a4f-830b-697309388194; f9c2845c-a663-48e9-9d06-c473ddff9ad6; 9b386711-0502-4c62-92bb-2eab67fb3bca
1bathroom,explicit,open the door,1bathroom_open-the-door_GT.json,door,97113108-1306-4a29-a52e-f589d4318713,97113108,handle,c2d955e0-ce4b-4943-911d-e6bdc35595ef,handle: rotate to open or close,97113108-1306-4a29-a52e-f589d4318713; c2d955e0-ce4b-4943-911d-e6bdc35595ef
1bathroom,explicit,open the window,1bathroom_open-the-window_GT.json,window,86857788-1428-4173-bf06-14952875483d,86857788,handle,01deaf87-db55-4171-80f6-cbd57a84d310,handle: rotate to open or close,86857788-1428-4173-bf06-14952875483d; 01deaf87-db55-4171-80f6-cbd57a84d310
1bathroom,implicit,someone is knocking at the door,1bathroom_someone-is-knocking-at-the-door_GT.json,door,97113108-1306-4a29-a52e-f589d4318713,97113108,handle,c2d955e0-ce4b-4943-911d-e6bdc35595ef,handle: rotate to open or close,97113108-1306-4a29-a52e-f589d4318713; c2d955e0-ce4b-4943-911d-e6bdc35595ef
1bathroom,implicit,there is smoke in the room,1bathroom_there-is-smoke-in-the-room_GT.json,window,86857788-1428-4173-bf06-14952875483d,86857788,handle,01deaf87-db55-4171-80f6-cbd57a84d310,handle: rotate to open or close,86857788-1428-4173-bf06-14952875483d; 01deaf87-db55-4171-80f6-cbd57a84d310
1bathroom,explicit,use the bathroom sink,1bathroom_use-the-bathroom-sink_GT.json,bathroom sink,07a85c08-4a23-4a4f-830b-697309388194,07a85c08,faucet / handle; button / knob,f9c2845c-a663-48e9-9d06-c473ddff9ad6; 9b386711-0502-4c62-92bb-2eab67fb3bca,faucet / handle: control the water flow; button / knob: press or rotate to control the water flow,07a85c08-4a23-4a4f-830b-697309388194; f9c2845c-a663-48e9-9d06-c473ddff9ad6; 9b386711-0502-4c62-92bb-2eab67fb3bca
1bathroom,explicit,use the bathtub,1bathroom_use-the-bathtub_GT.json,bathtub,fc7d4d40-b14b-40f6-aef2-ab95c48ceda1,fc7d4d40,faucet / handle; knob,ece708eb-dfd2-46ee-8bc9-34da286cdcca; 59fee29a-737e-44d3-b6e6-6d1b511c7792,faucet / handle: control the water flow; knob: control the water flow,fc7d4d40-b14b-40f6-aef2-ab95c48ceda1; ece708eb-dfd2-46ee-8bc9-34da286cdcca; 59fee29a-737e-44d3-b6e6-6d1b511c7792
2livingroom,explicit,adjust the radiator temperature,2livingroom_adjust-the-radiator-temperature_GT.json,radiator,94189713-a417-4c4e-84af-0ca6397a6f52,94189713,knob,0b1b0b28-1142-45c4-8b86-bb5280026492,knob: rotate to adjust the temperature,94189713-a417-4c4e-84af-0ca6397a6f52; 0b1b0b28-1142-45c4-8b86-bb5280026492
2livingroom,implicit,I am bored,2livingroom_i-am-bored_GT.json,television; remote,21693307-b11f-4e4c-b460-a67747feea34; 20c85680-6e72-4a9a-b504-bdacb0320d1b,21693307; 20c85680,,,,21693307-b11f-4e4c-b460-a67747feea34; 20c85680-6e72-4a9a-b504-bdacb0320d1b
2livingroom,implicit,it's dark in here,2livingroom_its-dark-in-here_GT.json,lamp,54e0ca38-c7e4-41f9-b3ab-616766867953,54e0ca38,,,,54e0ca38-c7e4-41f9-b3ab-616766867953
2livingroom,implicit,it's too cold in here,2livingroom_its-too-cold-in-here_GT.json,radiator,94189713-a417-4c4e-84af-0ca6397a6f52,94189713,knob,0b1b0b28-1142-45c4-8b86-bb5280026492,knob: rotate to adjust the temperature,94189713-a417-4c4e-84af-0ca6397a6f52; 0b1b0b28-1142-45c4-8b86-bb5280026492
2livingroom,explicit,turn on the lamp,2livingroom_turn-on-the-lamp_GT.json,lamp,54e0ca38-c7e4-41f9-b3ab-616766867953,54e0ca38,,,,54e0ca38-c7e4-41f9-b3ab-616766867953
2livingroom,explicit,turn on the television,2livingroom_turn-on-the-television_GT.json,television; remote,21693307-b11f-4e4c-b460-a67747feea34; 20c85680-6e72-4a9a-b504-bdacb0320d1b,21693307; 20c85680,,,,21693307-b11f-4e4c-b460-a67747feea34; 20c85680-6e72-4a9a-b504-bdacb0320d1b
3kitchen,explicit,adjust the radiator temperature,3kitchen_adjust-the-radiator-temperature_GT.json,radiator,87cd6d4e-2f88-402d-a68b-16f84d64a039,87cd6d4e,knob,8cad3558-ab57-4ccc-8620-5773db800740,knob: rotate to adjust the temperature,87cd6d4e-2f88-402d-a68b-16f84d64a039; 8cad3558-ab57-4ccc-8620-5773db800740
3kitchen,implicit,I am hungry,3kitchen_i-am-hungry_26e1c6c1_GT.json,kitchen cabinet / drawer,26e1c6c1-390e-4baf-8844-f3aa7e33516f,26e1c6c1,knob,8afd5554-722f-43fc-bbd4-9a2e2b902a58,knob: pull to open or close,26e1c6c1-390e-4baf-8844-f3aa7e33516f; 8afd5554-722f-43fc-bbd4-9a2e2b902a58
3kitchen,implicit,I am hungry,3kitchen_i-am-hungry_2_GT.json,oven,57895ee6-21fc-4706-80d1-0507c60b2749,57895ee6,knob; knob; knob; knob; knob; knob,9865f477-df67-4813-9120-ed2e3ec77383; 4a3b6cab-dbe3-49ea-b77e-1eec3a15bbb7; f39a91fc-e687-4602-ad0b-bbde919f746a; 0b1700cb-5847-4249-bc88-a6a7e06765be; cba6cd3d-f29e-4fb3-bb44-6e738202d7d6; 16d54d1e-68ea-40e7-9a96-028594f89903,"knob: rotate to adjust temperature or setting, open or close; knob: rotate to adjust temperature or setting, open or close; knob: rotate to adjust temperature or setting, open or close; knob: rotate to adjust temperature or setting, open or close; knob: rotate to adjust temperature or setting, open or close; knob: rotate to adjust temperature or setting, open or close",57895ee6-21fc-4706-80d1-0507c60b2749; 9865f477-df67-4813-9120-ed2e3ec77383; 4a3b6cab-dbe3-49ea-b77e-1eec3a15bbb7; f39a91fc-e687-4602-ad0b-bbde919f746a; 0b1700cb-5847-4249-bc88-a6a7e06765be; cba6cd3d-f29e-4fb3-bb44-6e738202d7d6; 16d54d1e-68ea-40e7-9a96-028594f89903
3kitchen,implicit,I am hungry,3kitchen_i-am-hungry_GT.json,fridge,48b189f9-daee-465d-ae14-063fe298bc89,48b189f9,handle,5453c502-4b31-4627-947e-dc0fa4fed8ea,handle: pull to open or close,48b189f9-daee-465d-ae14-063fe298bc89; 5453c502-4b31-4627-947e-dc0fa4fed8ea
3kitchen,implicit,I am hungry,3kitchen_i-am-hungry_cd95a35a_GT.json,kitchen cabinet,cd95a35a-cac6-4998-9383-26c78a1b7455,cd95a35a,knob,4ac9151a-9b84-49fc-88bd-3f4abd3dafa3,knob: pull to open or close,cd95a35a-cac6-4998-9383-26c78a1b7455; 4ac9151a-9b84-49fc-88bd-3f4abd3dafa3
3kitchen,implicit,I am hungry,3kitchen_i-am-hungry_fa25f213_GT.json,kitchen cabinet,fa25f213-0aa8-4084-97ff-a990f17f4302,fa25f213,knob; knob; knob; knob; knob,b2b09116-409c-467c-a0a3-c57c5f6987ec; 572c154c-575f-40cc-9a67-8f295a4d3b31; f292060f-d75e-481d-9b2e-6a3141aa6f06; 99e1e2c2-0076-4700-bbc0-a97ec08346c3; 285b0930-f4ff-4e8e-81ec-528d93fa9e35,knob: pull to open or close; knob: pull to open or close; knob: pull to open or close; knob: pull to open or close; knob: pull to open or close,fa25f213-0aa8-4084-97ff-a990f17f4302; b2b09116-409c-467c-a0a3-c57c5f6987ec; 572c154c-575f-40cc-9a67-8f295a4d3b31; f292060f-d75e-481d-9b2e-6a3141aa6f06; 99e1e2c2-0076-4700-bbc0-a97ec08346c3; 285b0930-f4ff-4e8e-81ec-528d93fa9e35
3kitchen,implicit,I am sleepy,3kitchen_i-am-sleepy_GT.json,coffee maker,9a497ea9-e3be-4edd-881e-8f66135e1d24,9a497ea9,,,,9a497ea9-e3be-4edd-881e-8f66135e1d24
3kitchen,implicit,I want a hot cup of tea,3kitchen_i-want-a-hot-cup-of-tea_GT.json,kettle,fd1913d2-43c6-40cd-a4c3-684ff37ee87f,fd1913d2,,,,fd1913d2-43c6-40cd-a4c3-684ff37ee87f
3kitchen,implicit,it's too cold in here,3kitchen_its-too-cold-in-here_GT.json,radiator,87cd6d4e-2f88-402d-a68b-16f84d64a039,87cd6d4e,knob,8cad3558-ab57-4ccc-8620-5773db800740,knob: rotate to adjust the temperature,87cd6d4e-2f88-402d-a68b-16f84d64a039; 8cad3558-ab57-4ccc-8620-5773db800740
3kitchen,implicit,my hands are dirty,3kitchen_my-hands-are-dirty_GT.json,kitchen sink,0a0824a3-f355-4a32-83c6-8eb5cfebde60,0a0824a3,faucet / handle,d3cf8a60-d9cb-4ffe-934c-ecefa4db9886,faucet / handle: control the water flow,0a0824a3-f355-4a32-83c6-8eb5cfebde60; d3cf8a60-d9cb-4ffe-934c-ecefa4db9886
3kitchen,explicit,open the door,3kitchen_open-the-door_GT.json,door,f88723ca-b6b0-48cf-b437-6a280fd92527,f88723ca,handle,8b1feefd-92f9-43e8-b9e0-300c89e8fd67,handle: rotate to open or close,f88723ca-b6b0-48cf-b437-6a280fd92527; 8b1feefd-92f9-43e8-b9e0-300c89e8fd67
3kitchen,explicit,open the fridge,3kitchen_open-the-fridge_GT.json,fridge,48b189f9-daee-465d-ae14-063fe298bc89,48b189f9,handle,5453c502-4b31-4627-947e-dc0fa4fed8ea,handle: pull to open or close,48b189f9-daee-465d-ae14-063fe298bc89; 5453c502-4b31-4627-947e-dc0fa4fed8ea
3kitchen,explicit,open the kitchen cabinet,3kitchen_open-the-kitchen-cabinet_26e1c6c1_GT.json,kitchen cabinet / drawer,26e1c6c1-390e-4baf-8844-f3aa7e33516f,26e1c6c1,knob,8afd5554-722f-43fc-bbd4-9a2e2b902a58,knob: pull to open or close,26e1c6c1-390e-4baf-8844-f3aa7e33516f; 8afd5554-722f-43fc-bbd4-9a2e2b902a58
3kitchen,explicit,open the kitchen cabinet,3kitchen_open-the-kitchen-cabinet_cd95a35a_GT.json,kitchen cabinet,cd95a35a-cac6-4998-9383-26c78a1b7455,cd95a35a,knob,4ac9151a-9b84-49fc-88bd-3f4abd3dafa3,knob: pull to open or close,cd95a35a-cac6-4998-9383-26c78a1b7455; 4ac9151a-9b84-49fc-88bd-3f4abd3dafa3
3kitchen,explicit,open the kitchen cabinet,3kitchen_open-the-kitchen-cabinet_fa25f213_GT.json,kitchen cabinet,fa25f213-0aa8-4084-97ff-a990f17f4302,fa25f213,knob; knob; knob; knob; knob,b2b09116-409c-467c-a0a3-c57c5f6987ec; 572c154c-575f-40cc-9a67-8f295a4d3b31; f292060f-d75e-481d-9b2e-6a3141aa6f06; 99e1e2c2-0076-4700-bbc0-a97ec08346c3; 285b0930-f4ff-4e8e-81ec-528d93fa9e35,knob: pull to open or close; knob: pull to open or close; knob: pull to open or close; knob: pull to open or close; knob: pull to open or close,fa25f213-0aa8-4084-97ff-a990f17f4302; b2b09116-409c-467c-a0a3-c57c5f6987ec; 572c154c-575f-40cc-9a67-8f295a4d3b31; f292060f-d75e-481d-9b2e-6a3141aa6f06; 99e1e2c2-0076-4700-bbc0-a97ec08346c3; 285b0930-f4ff-4e8e-81ec-528d93fa9e35
3kitchen,explicit,open the oven,3kitchen_open-the-oven_GT.json,oven,57895ee6-21fc-4706-80d1-0507c60b2749,57895ee6,knob; knob; knob; knob; knob; knob,9865f477-df67-4813-9120-ed2e3ec77383; 4a3b6cab-dbe3-49ea-b77e-1eec3a15bbb7; f39a91fc-e687-4602-ad0b-bbde919f746a; 0b1700cb-5847-4249-bc88-a6a7e06765be; cba6cd3d-f29e-4fb3-bb44-6e738202d7d6; 16d54d1e-68ea-40e7-9a96-028594f89903,"knob: rotate to adjust temperature or setting, open or close; knob: rotate to adjust temperature or setting, open or close; knob: rotate to adjust temperature or setting, open or close; knob: rotate to adjust temperature or setting, open or close; knob: rotate to adjust temperature or setting, open or close; knob: rotate to adjust temperature or setting, open or close",57895ee6-21fc-4706-80d1-0507c60b2749; 9865f477-df67-4813-9120-ed2e3ec77383; 4a3b6cab-dbe3-49ea-b77e-1eec3a15bbb7; f39a91fc-e687-4602-ad0b-bbde919f746a; 0b1700cb-5847-4249-bc88-a6a7e06765be; cba6cd3d-f29e-4fb3-bb44-6e738202d7d6; 16d54d1e-68ea-40e7-9a96-028594f89903
3kitchen,implicit,someone is knocking at the door,3kitchen_someone-is-knocking-at-the-door_GT.json,door,f88723ca-b6b0-48cf-b437-6a280fd92527,f88723ca,handle,8b1feefd-92f9-43e8-b9e0-300c89e8fd67,handle: rotate to open or close,f88723ca-b6b0-48cf-b437-6a280fd92527; 8b1feefd-92f9-43e8-b9e0-300c89e8fd67
3kitchen,explicit,use the coffee maker,3kitchen_use-the-coffee-maker_GT.json,coffee maker,9a497ea9-e3be-4edd-881e-8f66135e1d24,9a497ea9,,,,9a497ea9-e3be-4edd-881e-8f66135e1d24
3kitchen,explicit,use the kettle,3kitchen_use-the-kettle_GT.json,kettle,fd1913d2-43c6-40cd-a4c3-684ff37ee87f,fd1913d2,,,,fd1913d2-43c6-40cd-a4c3-684ff37ee87f
3kitchen,explicit,use the kitchen sink,3kitchen_use-the-kitchen-sink_GT.json,kitchen sink,0a0824a3-f355-4a32-83c6-8eb5cfebde60,0a0824a3,faucet / handle,d3cf8a60-d9cb-4ffe-934c-ecefa4db9886,faucet / handle: control the water flow,0a0824a3-f355-4a32-83c6-8eb5cfebde60; d3cf8a60-d9cb-4ffe-934c-ecefa4db9886
4livingroom,implicit,I am bored,4livingroom_i-am-bored_GT.json,remote; television,63c060d9-e638-49c5-b70d-db1782d77257; 80230e76-18d0-4b4d-86a2-43d0118067e3,63c060d9; 80230e76,,,,63c060d9-e638-49c5-b70d-db1782d77257; 80230e76-18d0-4b4d-86a2-43d0118067e3
4livingroom,implicit,I am hungry,4livingroom_i-am-hungry_2_GT.json,cooker,4d391472-67b3-45e0-81f7-f8a388e68652,4d391472,,,,4d391472-67b3-45e0-81f7-f8a388e68652
4livingroom,implicit,I am hungry,4livingroom_i-am-hungry_4a931c41_GT.json,kitchen cabinet,4a931c41-5b5a-4ddb-90de-03e3654ff85e,4a931c41,handle; handle,b9aabe16-2e07-4516-bc8b-40b89902736c; 992edb77-c4a4-4b5a-a532-b0485f102738,handle: pull to open or close; handle: pull to open or close,4a931c41-5b5a-4ddb-90de-03e3654ff85e; b9aabe16-2e07-4516-bc8b-40b89902736c; 992edb77-c4a4-4b5a-a532-b0485f102738
4livingroom,implicit,I am hungry,4livingroom_i-am-hungry_5fcbe0c1_GT.json,kitchen cabinet,5fcbe0c1-e753-48f9-881a-6104441be49a,5fcbe0c1,handle; handle; handle,2ab3d46d-6803-4800-a37c-021a75ba83d8; 33eac69d-ce91-45c8-8d55-c04dcc7863f9; e893754b-bbe7-4c2d-a6d0-ed54b816bdfd,handle: pull to open or close; handle: pull to open or close; handle: pull to open or close,5fcbe0c1-e753-48f9-881a-6104441be49a; 2ab3d46d-6803-4800-a37c-021a75ba83d8; 33eac69d-ce91-45c8-8d55-c04dcc7863f9; e893754b-bbe7-4c2d-a6d0-ed54b816bdfd
4livingroom,implicit,I am hungry,4livingroom_i-am-hungry_GT.json,oven,6a144bdf-6523-4bf8-8b64-d6bb63ee967c,6a144bdf,handle; knob; knob,0d4d0b33-aa83-4d76-82c1-341bbb71a09d; d920ef1d-43f0-4dbd-988c-128c8376acb4; d4c63e47-dc32-4285-96b0-f03ad84f25e7,"handle: pull to open or close; knob: rotate to open or close, or to adjust the setting and temperature; knob: rotate to open or close, or to adjust the setting and temperature",6a144bdf-6523-4bf8-8b64-d6bb63ee967c; 0d4d0b33-aa83-4d76-82c1-341bbb71a09d; d920ef1d-43f0-4dbd-988c-128c8376acb4; d4c63e47-dc32-4285-96b0-f03ad84f25e7
4livingroom,implicit,I am hungry,4livingroom_i-am-hungry_b40e025d_GT.json,kitchen cabinet,b40e025d-f8b5-4fa4-9347-1274e26c37bc,b40e025d,handle; handle; handle,3f96bab7-8ee2-40ee-b201-cfebadcf7582; 85eb89bd-6ee7-4621-8a4f-823af6b41a72; 1069895b-76b9-4980-ac7b-5f271d13a83b,handle: pull to open or close; handle: pull to open or close; handle: pull to open or close,b40e025d-f8b5-4fa4-9347-1274e26c37bc; 3f96bab7-8ee2-40ee-b201-cfebadcf7582; 85eb89bd-6ee7-4621-8a4f-823af6b41a72; 1069895b-76b9-4980-ac7b-5f271d13a83b
4livingroom,implicit,I am hungry,4livingroom_i-am-hungry_b9dfc044_GT.json,kitchen cabinet,b9dfc044-a71e-4f90-a3ac-ebb0c6fc2723,b9dfc044,handle; handle,ead8ecc5-2d26-4cb3-9777-bfb575b219ac; 7868405c-e703-4450-963c-bf7cad5e84b3,handle: pull to open or close; handle: pull to open or close,b9dfc044-a71e-4f90-a3ac-ebb0c6fc2723; ead8ecc5-2d26-4cb3-9777-bfb575b219ac; 7868405c-e703-4450-963c-bf7cad5e84b3
4livingroom,implicit,I want a hot cup of tea,4livingroom_i-want-a-hot-cup-of-tea_GT.json,kettle,67058b7d-34ea-42ed-87e8-b660aad77409,67058b7d,,,,67058b7d-34ea-42ed-87e8-b660aad77409
4livingroom,implicit,my hands are dirty,4livingroom_my-hands-are-dirty_GT.json,kitchen sink,f92d6939-4b73-4797-a5a4-8799ab5bb544,f92d6939,faucet / handle,be4b5219-1023-4b39-8a9d-cbb485a50538,faucet / handle: control the water flow,f92d6939-4b73-4797-a5a4-8799ab5bb544; be4b5219-1023-4b39-8a9d-cbb485a50538
4livingroom,explicit,open the door,4livingroom_open-the-door_GT.json,door,be854fc1-da14-4471-85ce-4ddbeb684f31,be854fc1,handle,377ca5bd-82e6-4fef-a528-bfc62ebc687a,handle: rotate to open or close,be854fc1-da14-4471-85ce-4ddbeb684f31; 377ca5bd-82e6-4fef-a528-bfc62ebc687a
4livingroom,explicit,open the kitchen cabinet,4livingroom_open-the-kitchen-cabinet_4a931c41_GT.json,kitchen cabinet,4a931c41-5b5a-4ddb-90de-03e3654ff85e,4a931c41,handle; handle,b9aabe16-2e07-4516-bc8b-40b89902736c; 992edb77-c4a4-4b5a-a532-b0485f102738,handle: pull to open or close; handle: pull to open or close,4a931c41-5b5a-4ddb-90de-03e3654ff85e; b9aabe16-2e07-4516-bc8b-40b89902736c; 992edb77-c4a4-4b5a-a532-b0485f102738
4livingroom,explicit,open the kitchen cabinet,4livingroom_open-the-kitchen-cabinet_5fcbe0c1_GT.json,kitchen cabinet,5fcbe0c1-e753-48f9-881a-6104441be49a,5fcbe0c1,handle; handle; handle,2ab3d46d-6803-4800-a37c-021a75ba83d8; 33eac69d-ce91-45c8-8d55-c04dcc7863f9; e893754b-bbe7-4c2d-a6d0-ed54b816bdfd,handle: pull to open or close; handle: pull to open or close; handle: pull to open or close,5fcbe0c1-e753-48f9-881a-6104441be49a; 2ab3d46d-6803-4800-a37c-021a75ba83d8; 33eac69d-ce91-45c8-8d55-c04dcc7863f9; e893754b-bbe7-4c2d-a6d0-ed54b816bdfd
4livingroom,explicit,open the kitchen cabinet,4livingroom_open-the-kitchen-cabinet_b40e025d_GT.json,kitchen cabinet,b40e025d-f8b5-4fa4-9347-1274e26c37bc,b40e025d,handle; handle; handle,3f96bab7-8ee2-40ee-b201-cfebadcf7582; 85eb89bd-6ee7-4621-8a4f-823af6b41a72; 1069895b-76b9-4980-ac7b-5f271d13a83b,handle: pull to open or close; handle: pull to open or close; handle: pull to open or close,b40e025d-f8b5-4fa4-9347-1274e26c37bc; 3f96bab7-8ee2-40ee-b201-cfebadcf7582; 85eb89bd-6ee7-4621-8a4f-823af6b41a72; 1069895b-76b9-4980-ac7b-5f271d13a83b
4livingroom,explicit,open the kitchen cabinet,4livingroom_open-the-kitchen-cabinet_b9dfc044_GT.json,kitchen cabinet,b9dfc044-a71e-4f90-a3ac-ebb0c6fc2723,b9dfc044,handle; handle,ead8ecc5-2d26-4cb3-9777-bfb575b219ac; 7868405c-e703-4450-963c-bf7cad5e84b3,handle: pull to open or close; handle: pull to open or close,b9dfc044-a71e-4f90-a3ac-ebb0c6fc2723; ead8ecc5-2d26-4cb3-9777-bfb575b219ac; 7868405c-e703-4450-963c-bf7cad5e84b3
4livingroom,explicit,open the oven,4livingroom_open-the-oven_GT.json,oven,6a144bdf-6523-4bf8-8b64-d6bb63ee967c,6a144bdf,handle; knob; knob,0d4d0b33-aa83-4d76-82c1-341bbb71a09d; d920ef1d-43f0-4dbd-988c-128c8376acb4; d4c63e47-dc32-4285-96b0-f03ad84f25e7,"handle: pull to open or close; knob: rotate to open or close, or to adjust the setting and temperature; knob: rotate to open or close, or to adjust the setting and temperature",6a144bdf-6523-4bf8-8b64-d6bb63ee967c; 0d4d0b33-aa83-4d76-82c1-341bbb71a09d; d920ef1d-43f0-4dbd-988c-128c8376acb4; d4c63e47-dc32-4285-96b0-f03ad84f25e7
4livingroom,implicit,someone is knocking at the door,4livingroom_someone-is-knocking-at-the-door_GT.json,door,be854fc1-da14-4471-85ce-4ddbeb684f31,be854fc1,handle,377ca5bd-82e6-4fef-a528-bfc62ebc687a,handle: rotate to open or close,be854fc1-da14-4471-85ce-4ddbeb684f31; 377ca5bd-82e6-4fef-a528-bfc62ebc687a
4livingroom,explicit,turn on the television,4livingroom_turn-on-the-television_GT.json,remote; television,63c060d9-e638-49c5-b70d-db1782d77257; 80230e76-18d0-4b4d-86a2-43d0118067e3,63c060d9; 80230e76,,,,63c060d9-e638-49c5-b70d-db1782d77257; 80230e76-18d0-4b4d-86a2-43d0118067e3
4livingroom,explicit,use the cooker,4livingroom_use-the-cooker_GT.json,cooker,4d391472-67b3-45e0-81f7-f8a388e68652,4d391472,,,,4d391472-67b3-45e0-81f7-f8a388e68652
4livingroom,explicit,use the kettle,4livingroom_use-the-kettle_GT.json,kettle,67058b7d-34ea-42ed-87e8-b660aad77409,67058b7d,,,,67058b7d-34ea-42ed-87e8-b660aad77409
4livingroom,explicit,use the kitchen sink,4livingroom_use-the-kitchen-sink_GT.json,kitchen sink,f92d6939-4b73-4797-a5a4-8799ab5bb544,f92d6939,faucet / handle,be4b5219-1023-4b39-8a9d-cbb485a50538,faucet / handle: control the water flow,f92d6939-4b73-4797-a5a4-8799ab5bb544; be4b5219-1023-4b39-8a9d-cbb485a50538
5kitchen,implicit,I am hungry,5kitchen_i-am-hungry_2_GT.json,oven; microwave oven,93bc40e7-e4d3-4a03-a0ec-b587ccc52159; 1871b5d6-c2bf-4548-aec9-e4d9c08d5bf1,93bc40e7; 1871b5d6,knob; knob; knob; knob; knob; knob; handle; knob; knob,6c9960b2-9c67-4daa-813b-061ebfcab127; 5847e99a-ed77-4d93-9907-dadfe91239ce; c81e7268-4eaf-4990-bcd6-34e2a660c25f; 160f1d58-6577-4ba9-9910-31d65bea9d4d; dd94396b-b0ef-44c4-a1ae-83ff219607db; c70a5d29-4dbf-4410-9d08-e5351faeb24c; 76c3de9b-9a11-47c1-86cf-3475f10c0cc1; 7de0fa81-afa9-46d7-b18a-6c79297faa94; 8b9321f0-c364-443d-99f5-6c26fd516ca4,"knob: rotate to adjust the setting or temperature, or to open or close; knob: rotate to adjust the setting or temperature, or to open or close; knob: rotate to adjust the setting or temperature, or to open or close; knob: rotate to adjust the setting or temperature, or to open or close; knob: rotate to adjust the setting or temperature, or to open or close; knob: rotate to adjust the setting or temperature, or to open or close; handle: pull to open or close; knob: rotate to adjust the setting or temperature, or to open or close; knob: rotate to adjust the setting or temperature, or to open or close",93bc40e7-e4d3-4a03-a0ec-b587ccc52159; 1871b5d6-c2bf-4548-aec9-e4d9c08d5bf1; 6c9960b2-9c67-4daa-813b-061ebfcab127; 5847e99a-ed77-4d93-9907-dadfe91239ce; c81e7268-4eaf-4990-bcd6-34e2a660c25f; 160f1d58-6577-4ba9-9910-31d65bea9d4d; dd94396b-b0ef-44c4-a1ae-83ff219607db; c70a5d29-4dbf-4410-9d08-e5351faeb24c; 76c3de9b-9a11-47c1-86cf-3475f10c0cc1; 7de0fa81-afa9-46d7-b18a-6c79297faa94; 8b9321f0-c364-443d-99f5-6c26fd516ca4
5kitchen,implicit,I am hungry,5kitchen_i-am-hungry_3_GT.json,oven; microwave oven,93bc40e7-e4d3-4a03-a0ec-b587ccc52159; 1871b5d6-c2bf-4548-aec9-e4d9c08d5bf1,93bc40e7; 1871b5d6,knob; knob; knob; knob; knob; knob; handle; knob; knob,6c9960b2-9c67-4daa-813b-061ebfcab127; 5847e99a-ed77-4d93-9907-dadfe91239ce; c81e7268-4eaf-4990-bcd6-34e2a660c25f; 160f1d58-6577-4ba9-9910-31d65bea9d4d; dd94396b-b0ef-44c4-a1ae-83ff219607db; c70a5d29-4dbf-4410-9d08-e5351faeb24c; 76c3de9b-9a11-47c1-86cf-3475f10c0cc1; 7de0fa81-afa9-46d7-b18a-6c79297faa94; 8b9321f0-c364-443d-99f5-6c26fd516ca4,"knob: rotate to adjust the setting or temperature, or to open or close; knob: rotate to adjust the setting or temperature, or to open or close; knob: rotate to adjust the setting or temperature, or to open or close; knob: rotate to adjust the setting or temperature, or to open or close; knob: rotate to adjust the setting or temperature, or to open or close; knob: rotate to adjust the setting or temperature, or to open or close; handle: pull to open or close; knob: rotate to adjust the setting or temperature, or to open or close; knob: rotate to adjust the setting or temperature, or to open or close",93bc40e7-e4d3-4a03-a0ec-b587ccc52159; 1871b5d6-c2bf-4548-aec9-e4d9c08d5bf1; 6c9960b2-9c67-4daa-813b-061ebfcab127; 5847e99a-ed77-4d93-9907-dadfe91239ce; c81e7268-4eaf-4990-bcd6-34e2a660c25f; 160f1d58-6577-4ba9-9910-31d65bea9d4d; dd94396b-b0ef-44c4-a1ae-83ff219607db; c70a5d29-4dbf-4410-9d08-e5351faeb24c; 76c3de9b-9a11-47c1-86cf-3475f10c0cc1; 7de0fa81-afa9-46d7-b18a-6c79297faa94; 8b9321f0-c364-443d-99f5-6c26fd516ca4
5kitchen,implicit,I am hungry,5kitchen_i-am-hungry_3e07c31d_GT.json,kitchen cabinet,3e07c31d-1cf9-4a04-a76d-13334080bc7c,3e07c31d,knob; knob,5510652e-a780-40a0-ac21-a7aa0a6a36c8; 113d6f17-5cee-4965-8395-9a4e6f977017,knob: pull to open or close; knob: pull to open or close,3e07c31d-1cf9-4a04-a76d-13334080bc7c; 5510652e-a780-40a0-ac21-a7aa0a6a36c8; 113d6f17-5cee-4965-8395-9a4e6f977017
5kitchen,implicit,I am hungry,5kitchen_i-am-hungry_552ff359_GT.json,kitchen cabinet,552ff359-5931-4f18-8a14-1ae262e7f7b3,552ff359,knob; knob,4f3a8c60-6ebb-4dff-a45f-8489bdc9f476; ce10ad19-b93f-496c-af83-6c9c9dad0970,knob: pull to open or close; knob: pull to open or close,552ff359-5931-4f18-8a14-1ae262e7f7b3; 4f3a8c60-6ebb-4dff-a45f-8489bdc9f476; ce10ad19-b93f-496c-af83-6c9c9dad0970
5kitchen,implicit,I am hungry,5kitchen_i-am-hungry_GT.json,fridge,c1db0ee0-0baf-4a98-882d-11a8d6468c5f,c1db0ee0,handle,018c9bbb-b61e-40b0-a89c-8acb8494118e,handle: pull to open or close,c1db0ee0-0baf-4a98-882d-11a8d6468c5f; 018c9bbb-b61e-40b0-a89c-8acb8494118e
5kitchen,implicit,I am hungry,5kitchen_i-am-hungry_bcc11fea_GT.json,kitchen cabinet,bcc11fea-162f-47e0-a86b-34f1d5d2fb69,bcc11fea,knob; knob; knob; knob; knob; knob,187043d5-992f-49c6-84d4-c829fd7ed35e; 14753073-2a95-496e-91e5-2385981f2468; b809b058-e459-42e5-8f5f-3438566e3145; 889a3eae-65bd-4e72-99c9-3eda86a52001; 8b3801a9-bfb3-4823-961f-b2acf2bbe60c; 772ffb5a-aa96-4134-8646-00f1e9d9d6cb,knob: pull to open or close; knob: pull to open or close; knob: pull to open or close; knob: pull to open or close; knob: pull to open or close; knob: pull to open or close,bcc11fea-162f-47e0-a86b-34f1d5d2fb69; 187043d5-992f-49c6-84d4-c829fd7ed35e; 14753073-2a95-496e-91e5-2385981f2468; b809b058-e459-42e5-8f5f-3438566e3145; 889a3eae-65bd-4e72-99c9-3eda86a52001; 8b3801a9-bfb3-4823-961f-b2acf2bbe60c; 772ffb5a-aa96-4134-8646-00f1e9d9d6cb
5kitchen,implicit,I want a hot cup of tea,5kitchen_i-want-a-hot-cup-of-tea_GT.json,kettle,94d9254f-2032-4490-a0ae-aa992627c207,94d9254f,,,,94d9254f-2032-4490-a0ae-aa992627c207
5kitchen,implicit,my hands are dirty,5kitchen_my-hands-are-dirty_GT.json,kitchen sink,9f14ebb1-eef5-412d-a794-8029fc60edbc,9f14ebb1,faucet / handle,3a785df0-8006-459d-9889-826cf20a0c40,faucet / handle: control the water flow,9f14ebb1-eef5-412d-a794-8029fc60edbc; 3a785df0-8006-459d-9889-826cf20a0c40
5kitchen,explicit,open the door,5kitchen_open-the-door_GT.json,door,640d926a-e319-46db-8ee8-a949f4c92d01,640d926a,handle,7236b136-3cf9-4b53-86fd-c3aade3b3c5a,handle: rotate to open or close,640d926a-e319-46db-8ee8-a949f4c92d01; 7236b136-3cf9-4b53-86fd-c3aade3b3c5a
5kitchen,explicit,open the fridge,5kitchen_open-the-fridge_GT.json,fridge,c1db0ee0-0baf-4a98-882d-11a8d6468c5f,c1db0ee0,handle,018c9bbb-b61e-40b0-a89c-8acb8494118e,handle: pull to open or close,c1db0ee0-0baf-4a98-882d-11a8d6468c5f; 018c9bbb-b61e-40b0-a89c-8acb8494118e
5kitchen,explicit,open the kitchen cabinet,5kitchen_open-the-kitchen-cabinet_3e07c31d_GT.json,kitchen cabinet,3e07c31d-1cf9-4a04-a76d-13334080bc7c,3e07c31d,knob; knob,5510652e-a780-40a0-ac21-a7aa0a6a36c8; 113d6f17-5cee-4965-8395-9a4e6f977017,knob: pull to open or close; knob: pull to open or close,3e07c31d-1cf9-4a04-a76d-13334080bc7c; 5510652e-a780-40a0-ac21-a7aa0a6a36c8; 113d6f17-5cee-4965-8395-9a4e6f977017
5kitchen,explicit,open the kitchen cabinet,5kitchen_open-the-kitchen-cabinet_552ff359_GT.json,kitchen cabinet,552ff359-5931-4f18-8a14-1ae262e7f7b3,552ff359,knob; knob,4f3a8c60-6ebb-4dff-a45f-8489bdc9f476; ce10ad19-b93f-496c-af83-6c9c9dad0970,knob: pull to open or close; knob: pull to open or close,552ff359-5931-4f18-8a14-1ae262e7f7b3; 4f3a8c60-6ebb-4dff-a45f-8489bdc9f476; ce10ad19-b93f-496c-af83-6c9c9dad0970
5kitchen,explicit,open the kitchen cabinet,5kitchen_open-the-kitchen-cabinet_bcc11fea_GT.json,kitchen cabinet,bcc11fea-162f-47e0-a86b-34f1d5d2fb69,bcc11fea,knob; knob; knob; knob; knob; knob,187043d5-992f-49c6-84d4-c829fd7ed35e; 14753073-2a95-496e-91e5-2385981f2468; b809b058-e459-42e5-8f5f-3438566e3145; 889a3eae-65bd-4e72-99c9-3eda86a52001; 8b3801a9-bfb3-4823-961f-b2acf2bbe60c; 772ffb5a-aa96-4134-8646-00f1e9d9d6cb,knob: pull to open or close; knob: pull to open or close; knob: pull to open or close; knob: pull to open or close; knob: pull to open or close; knob: pull to open or close,bcc11fea-162f-47e0-a86b-34f1d5d2fb69; 187043d5-992f-49c6-84d4-c829fd7ed35e; 14753073-2a95-496e-91e5-2385981f2468; b809b058-e459-42e5-8f5f-3438566e3145; 889a3eae-65bd-4e72-99c9-3eda86a52001; 8b3801a9-bfb3-4823-961f-b2acf2bbe60c; 772ffb5a-aa96-4134-8646-00f1e9d9d6cb
5kitchen,explicit,open the microwave oven,5kitchen_open-the-microwave-oven_GT.json,oven; microwave oven,93bc40e7-e4d3-4a03-a0ec-b587ccc52159; 1871b5d6-c2bf-4548-aec9-e4d9c08d5bf1,93bc40e7; 1871b5d6,knob; knob; knob; knob; knob; knob; handle; knob; knob,6c9960b2-9c67-4daa-813b-061ebfcab127; 5847e99a-ed77-4d93-9907-dadfe91239ce; c81e7268-4eaf-4990-bcd6-34e2a660c25f; 160f1d58-6577-4ba9-9910-31d65bea9d4d; dd94396b-b0ef-44c4-a1ae-83ff219607db; c70a5d29-4dbf-4410-9d08-e5351faeb24c; 76c3de9b-9a11-47c1-86cf-3475f10c0cc1; 7de0fa81-afa9-46d7-b18a-6c79297faa94; 8b9321f0-c364-443d-99f5-6c26fd516ca4,"knob: rotate to adjust the setting or temperature, or to open or close; knob: rotate to adjust the setting or temperature, or to open or close; knob: rotate to adjust the setting or temperature, or to open or close; knob: rotate to adjust the setting or temperature, or to open or close; knob: rotate to adjust the setting or temperature, or to open or close; knob: rotate to adjust the setting or temperature, or to open or close; handle: pull to open or close; knob: rotate to adjust the setting or temperature, or to open or close; knob: rotate to adjust the setting or temperature, or to open or close",93bc40e7-e4d3-4a03-a0ec-b587ccc52159; 1871b5d6-c2bf-4548-aec9-e4d9c08d5bf1; 6c9960b2-9c67-4daa-813b-061ebfcab127; 5847e99a-ed77-4d93-9907-dadfe91239ce; c81e7268-4eaf-4990-bcd6-34e2a660c25f; 160f1d58-6577-4ba9-9910-31d65bea9d4d; dd94396b-b0ef-44c4-a1ae-83ff219607db; c70a5d29-4dbf-4410-9d08-e5351faeb24c; 76c3de9b-9a11-47c1-86cf-3475f10c0cc1; 7de0fa81-afa9-46d7-b18a-6c79297faa94; 8b9321f0-c364-443d-99f5-6c26fd516ca4
5kitchen,explicit,open the oven,5kitchen_open-the-oven_GT.json,oven; microwave oven,93bc40e7-e4d3-4a03-a0ec-b587ccc52159; 1871b5d6-c2bf-4548-aec9-e4d9c08d5bf1,93bc40e7; 1871b5d6,knob; knob; knob; knob; knob; knob; handle; knob; knob,6c9960b2-9c67-4daa-813b-061ebfcab127; 5847e99a-ed77-4d93-9907-dadfe91239ce; c81e7268-4eaf-4990-bcd6-34e2a660c25f; 160f1d58-6577-4ba9-9910-31d65bea9d4d; dd94396b-b0ef-44c4-a1ae-83ff219607db; c70a5d29-4dbf-4410-9d08-e5351faeb24c; 76c3de9b-9a11-47c1-86cf-3475f10c0cc1; 7de0fa81-afa9-46d7-b18a-6c79297faa94; 8b9321f0-c364-443d-99f5-6c26fd516ca4,"knob: rotate to adjust the setting or temperature, or to open or close; knob: rotate to adjust the setting or temperature, or to open or close; knob: rotate to adjust the setting or temperature, or to open or close; knob: rotate to adjust the setting or temperature, or to open or close; knob: rotate to adjust the setting or temperature, or to open or close; knob: rotate to adjust the setting or temperature, or to open or close; handle: pull to open or close; knob: rotate to adjust the setting or temperature, or to open or close; knob: rotate to adjust the setting or temperature, or to open or close",93bc40e7-e4d3-4a03-a0ec-b587ccc52159; 1871b5d6-c2bf-4548-aec9-e4d9c08d5bf1; 6c9960b2-9c67-4daa-813b-061ebfcab127; 5847e99a-ed77-4d93-9907-dadfe91239ce; c81e7268-4eaf-4990-bcd6-34e2a660c25f; 160f1d58-6577-4ba9-9910-31d65bea9d4d; dd94396b-b0ef-44c4-a1ae-83ff219607db; c70a5d29-4dbf-4410-9d08-e5351faeb24c; 76c3de9b-9a11-47c1-86cf-3475f10c0cc1; 7de0fa81-afa9-46d7-b18a-6c79297faa94; 8b9321f0-c364-443d-99f5-6c26fd516ca4
5kitchen,explicit,open the window,5kitchen_open-the-window_GT.json,window,5022f815-0411-494b-b086-9683d5da1d89,5022f815,handle,cb59c632-4e43-46f4-a615-73193e65ba15,handle: rotate to open or close,5022f815-0411-494b-b086-9683d5da1d89; cb59c632-4e43-46f4-a615-73193e65ba15
5kitchen,implicit,someone is knocking at the door,5kitchen_someone-is-knocking-at-the-door_GT.json,door,640d926a-e319-46db-8ee8-a949f4c92d01,640d926a,handle,7236b136-3cf9-4b53-86fd-c3aade3b3c5a,handle: rotate to open or close,640d926a-e319-46db-8ee8-a949f4c92d01; 7236b136-3cf9-4b53-86fd-c3aade3b3c5a
5kitchen,implicit,there is smoke in the room,5kitchen_there-is-smoke-in-the-room_GT.json,window,5022f815-0411-494b-b086-9683d5da1d89,5022f815,handle,cb59c632-4e43-46f4-a615-73193e65ba15,handle: rotate to open or close,5022f815-0411-494b-b086-9683d5da1d89; cb59c632-4e43-46f4-a615-73193e65ba15
5kitchen,explicit,use the kettle,5kitchen_use-the-kettle_GT.json,kettle,94d9254f-2032-4490-a0ae-aa992627c207,94d9254f,,,,94d9254f-2032-4490-a0ae-aa992627c207
5kitchen,explicit,use the kitchen sink,5kitchen_use-the-kitchen-sink_GT.json,kitchen sink,9f14ebb1-eef5-412d-a794-8029fc60edbc,9f14ebb1,faucet / handle,3a785df0-8006-459d-9889-826cf20a0c40,faucet / handle: control the water flow,9f14ebb1-eef5-412d-a794-8029fc60edbc; 3a785df0-8006-459d-9889-826cf20a0c40
6kitchen,explicit,adjust the radiator temperature,6kitchen_adjust-the-radiator-temperature_GT.json,radiator,845e0325-c38a-403c-a076-1cbb07eb43a6,845e0325,knob,332a8993-749f-4254-979f-e5c9cbd51acb,knob: rotate to adjust the temperature,845e0325-c38a-403c-a076-1cbb07eb43a6; 332a8993-749f-4254-979f-e5c9cbd51acb
6kitchen,implicit,I am hungry,6kitchen_i-am-hungry_200ff035_GT.json,kitchen cabinet,200ff035-918f-4da8-963f-48da4becfef8,200ff035,knob,f159fc9d-a85a-4631-a854-cc2d672c6c99,knob: pull to open or close,200ff035-918f-4da8-963f-48da4becfef8; f159fc9d-a85a-4631-a854-cc2d672c6c99
6kitchen,implicit,I am hungry,6kitchen_i-am-hungry_2_GT.json,oven,57af8075-e6f1-4a8f-ad01-f9124fd322ee,57af8075,handle; knob; knob; knob; knob; knob; knob,836c1d30-a168-4c20-bc62-cf04ed8e98f1; 2cac307d-ccf4-4567-abbb-8c0e99517248; 7a21d6ca-af3d-4f0a-b610-c57997f4814a; 85d30623-02a5-43c5-a361-ea348d7c80b9; bb65366b-3b76-4a69-b7bc-49bfdb4a9253; a2af6703-20e2-4de3-9e2d-e9572aba8319; 66585692-502f-4554-a909-1e3be0e63a41,"handle: pull to open or close; knob: rotate to open or close, or to adjust the temperature and setting; knob: rotate to open or close, or to adjust the temperature and setting; knob: rotate to open or close, or to adjust the temperature and setting; knob: rotate to open or close, or to adjust the temperature and setting; knob: rotate to open or close, or to adjust the temperature and setting; knob: rotate to open or close, or to adjust the temperature and setting",57af8075-e6f1-4a8f-ad01-f9124fd322ee; 836c1d30-a168-4c20-bc62-cf04ed8e98f1; 2cac307d-ccf4-4567-abbb-8c0e99517248; 7a21d6ca-af3d-4f0a-b610-c57997f4814a; 85d30623-02a5-43c5-a361-ea348d7c80b9; bb65366b-3b76-4a69-b7bc-49bfdb4a9253; a2af6703-20e2-4de3-9e2d-e9572aba8319; 66585692-502f-4554-a909-1e3be0e63a41
6kitchen,implicit,I am hungry,6kitchen_i-am-hungry_3_GT.json,electric cooker,1dd2697e-7f19-4c5b-b84f-eeb010ea1925,1dd2697e,,,,1dd2697e-7f19-4c5b-b84f-eeb010ea1925
6kitchen,implicit,I am hungry,6kitchen_i-am-hungry_42e9cf6d_GT.json,kitchen cabinet,42e9cf6d-2db7-4dd1-af4b-d94c0e8e5391,42e9cf6d,knob,cacd6963-5050-43fe-86b5-11ec27a0636e,knob: pull to open or close,42e9cf6d-2db7-4dd1-af4b-d94c0e8e5391; cacd6963-5050-43fe-86b5-11ec27a0636e
6kitchen,implicit,I am hungry,6kitchen_i-am-hungry_87a2cda1_GT.json,kitchen cabinet,87a2cda1-2803-452c-a0d3-5d02582f8ff9,87a2cda1,knob,d3f6114d-9018-4c5e-9476-acf0c050c92d,knob: pull to open or close,87a2cda1-2803-452c-a0d3-5d02582f8ff9; d3f6114d-9018-4c5e-9476-acf0c050c92d
6kitchen,implicit,I am hungry,6kitchen_i-am-hungry_927ceae7_GT.json,kitchen cabinet,927ceae7-27a5-4069-99ed-6aa90471e064,927ceae7,knob,09edd23e-7648-474d-b28e-298134f24a18,knob: pull to open or close,927ceae7-27a5-4069-99ed-6aa90471e064; 09edd23e-7648-474d-b28e-298134f24a18
6kitchen,implicit,I am hungry,6kitchen_i-am-hungry_9335a7cb_GT.json,kitchen cabinet,9335a7cb-3e37-4da4-863d-28fa3420071d,9335a7cb,knob,2a9a17c1-0848-4909-976c-3f64d8614784,knob: pull to open or close,9335a7cb-3e37-4da4-863d-28fa3420071d; 2a9a17c1-0848-4909-976c-3f64d8614784
6kitchen,implicit,I am hungry,6kitchen_i-am-hungry_GT.json,fridge,bea31796-ad45-496c-9ec0-e845937a6a31,bea31796,handle; handle,0ae6e50a-c2a9-4de9-9b24-0da39f94c84c; 0d1fe9ae-c2f9-4d2d-861f-f3cb1afd8f41,handle: pull to open or close; handle: pull to open or close,bea31796-ad45-496c-9ec0-e845937a6a31; 0ae6e50a-c2a9-4de9-9b24-0da39f94c84c; 0d1fe9ae-c2f9-4d2d-861f-f3cb1afd8f41
6kitchen,implicit,I am hungry,6kitchen_i-am-hungry_bd1e147b_GT.json,drawer / kitchen cabinet,bd1e147b-9089-4ee9-81dc-028747537a02,bd1e147b,knob,41a017b4-c7a9-4e64-9d70-aa97acc58a5c,knob: pull to open or close,bd1e147b-9089-4ee9-81dc-028747537a02; 41a017b4-c7a9-4e64-9d70-aa97acc58a5c
6kitchen,implicit,I am hungry,6kitchen_i-am-hungry_c5d91ced_GT.json,kitchen cabinet,c5d91ced-49b1-4f5e-8f33-681b7741e503,c5d91ced,knob,dc3c3978-e1b1-49f4-b393-fa0996d947e2,knob: pull to open or close,c5d91ced-49b1-4f5e-8f33-681b7741e503; dc3c3978-e1b1-49f4-b393-fa0996d947e2
6kitchen,implicit,I am hungry,6kitchen_i-am-hungry_e5429f83_GT.json,kitchen cabinet,e5429f83-7567-4185-87ae-d2870c6921eb,e5429f83,knob; knob; knob,6ab1eb7c-b836-4d0b-9754-39c483ab8f5a; e6d4f3d7-20c1-4a13-892b-f5926a2b5146; 99cb4399-efc9-412e-94f3-bad250496efa,knob: pull to open or close; knob: pull to open or close; knob: pull to open or close,e5429f83-7567-4185-87ae-d2870c6921eb; 6ab1eb7c-b836-4d0b-9754-39c483ab8f5a; e6d4f3d7-20c1-4a13-892b-f5926a2b5146; 99cb4399-efc9-412e-94f3-bad250496efa
6kitchen,implicit,I am looking for storage items,6kitchen_i-am-looking-for-storage-items_GT.json,cabinet,7dbf59bc-f6a6-483a-bb31-7064c1f7c4b1,7dbf59bc,knob; knob,6072dac4-dc16-4bc4-a39e-6c88838cdf9b; a8c195c1-772f-418d-899c-6f1ef79401d5,knob: pull to open or close; knob: pull to open or close,7dbf59bc-f6a6-483a-bb31-7064c1f7c4b1; 6072dac4-dc16-4bc4-a39e-6c88838cdf9b; a8c195c1-772f-418d-899c-6f1ef79401d5
6kitchen,implicit,I need to clean the dirty dishes,6kitchen_i-need-to-clean-the-dirty-dishes_GT.json,dishwasher,8f136460-9a3a-4d88-a8e6-1f799fb03eb1,8f136460,dishwasher button / dishwasher switch,523dff48-dbe3-4f8d-92b8-134d9d74b92c,dishwasher button / dishwasher switch: press to start and operate,8f136460-9a3a-4d88-a8e6-1f799fb03eb1; 523dff48-dbe3-4f8d-92b8-134d9d74b92c
6kitchen,implicit,it's too cold in here,6kitchen_its-too-cold-in-here_GT.json,radiator,845e0325-c38a-403c-a076-1cbb07eb43a6,845e0325,knob,332a8993-749f-4254-979f-e5c9cbd51acb,knob: rotate to adjust the temperature,845e0325-c38a-403c-a076-1cbb07eb43a6; 332a8993-749f-4254-979f-e5c9cbd51acb
6kitchen,implicit,my hands are dirty,6kitchen_my-hands-are-dirty_GT.json,kitchen sink,ce3ec539-72ea-4a8f-8325-b59f685a553c,ce3ec539,faucet / handle,a6fcc36d-4a05-473a-ae6d-a439e5c2bac7,faucet / handle: control the water flow,ce3ec539-72ea-4a8f-8325-b59f685a553c; a6fcc36d-4a05-473a-ae6d-a439e5c2bac7
6kitchen,explicit,open the cabinet,6kitchen_open-the-cabinet_GT.json,cabinet,7dbf59bc-f6a6-483a-bb31-7064c1f7c4b1,7dbf59bc,knob; knob,6072dac4-dc16-4bc4-a39e-6c88838cdf9b; a8c195c1-772f-418d-899c-6f1ef79401d5,knob: pull to open or close; knob: pull to open or close,7dbf59bc-f6a6-483a-bb31-7064c1f7c4b1; 6072dac4-dc16-4bc4-a39e-6c88838cdf9b; a8c195c1-772f-418d-899c-6f1ef79401d5
6kitchen,explicit,open the dishwasher,6kitchen_open-the-dishwasher_GT.json,dishwasher,8f136460-9a3a-4d88-a8e6-1f799fb03eb1,8f136460,dishwasher button / dishwasher switch,523dff48-dbe3-4f8d-92b8-134d9d74b92c,dishwasher button / dishwasher switch: press to start and operate,8f136460-9a3a-4d88-a8e6-1f799fb03eb1; 523dff48-dbe3-4f8d-92b8-134d9d74b92c
6kitchen,explicit,open the door,6kitchen_open-the-door_GT.json,door,93dbea78-522d-4530-a3bd-799ab596b00c,93dbea78,handle,564f7972-3bdf-4289-902d-9f547cabf0f5,handle: rotate to open or close,93dbea78-522d-4530-a3bd-799ab596b00c; 564f7972-3bdf-4289-902d-9f547cabf0f5
6kitchen,explicit,open the fridge,6kitchen_open-the-fridge_GT.json,fridge,bea31796-ad45-496c-9ec0-e845937a6a31,bea31796,handle; handle,0ae6e50a-c2a9-4de9-9b24-0da39f94c84c; 0d1fe9ae-c2f9-4d2d-861f-f3cb1afd8f41,handle: pull to open or close; handle: pull to open or close,bea31796-ad45-496c-9ec0-e845937a6a31; 0ae6e50a-c2a9-4de9-9b24-0da39f94c84c; 0d1fe9ae-c2f9-4d2d-861f-f3cb1afd8f41
6kitchen,explicit,open the kitchen cabinet,6kitchen_open-the-kitchen-cabinet_200ff035_GT.json,kitchen cabinet,200ff035-918f-4da8-963f-48da4becfef8,200ff035,knob,f159fc9d-a85a-4631-a854-cc2d672c6c99,knob: pull to open or close,200ff035-918f-4da8-963f-48da4becfef8; f159fc9d-a85a-4631-a854-cc2d672c6c99
6kitchen,explicit,open the kitchen cabinet,6kitchen_open-the-kitchen-cabinet_42e9cf6d_GT.json,kitchen cabinet,42e9cf6d-2db7-4dd1-af4b-d94c0e8e5391,42e9cf6d,knob,cacd6963-5050-43fe-86b5-11ec27a0636e,knob: pull to open or close,42e9cf6d-2db7-4dd1-af4b-d94c0e8e5391; cacd6963-5050-43fe-86b5-11ec27a0636e
6kitchen,explicit,open the kitchen cabinet,6kitchen_open-the-kitchen-cabinet_87a2cda1_GT.json,kitchen cabinet,87a2cda1-2803-452c-a0d3-5d02582f8ff9,87a2cda1,knob,d3f6114d-9018-4c5e-9476-acf0c050c92d,knob: pull to open or close,87a2cda1-2803-452c-a0d3-5d02582f8ff9; d3f6114d-9018-4c5e-9476-acf0c050c92d
6kitchen,explicit,open the kitchen cabinet,6kitchen_open-the-kitchen-cabinet_927ceae7_GT.json,kitchen cabinet,927ceae7-27a5-4069-99ed-6aa90471e064,927ceae7,knob,09edd23e-7648-474d-b28e-298134f24a18,knob: pull to open or close,927ceae7-27a5-4069-99ed-6aa90471e064; 09edd23e-7648-474d-b28e-298134f24a18
6kitchen,explicit,open the kitchen cabinet,6kitchen_open-the-kitchen-cabinet_9335a7cb_GT.json,kitchen cabinet,9335a7cb-3e37-4da4-863d-28fa3420071d,9335a7cb,knob,2a9a17c1-0848-4909-976c-3f64d8614784,knob: pull to open or close,9335a7cb-3e37-4da4-863d-28fa3420071d; 2a9a17c1-0848-4909-976c-3f64d8614784
6kitchen,explicit,open the kitchen cabinet,6kitchen_open-the-kitchen-cabinet_bd1e147b_GT.json,drawer / kitchen cabinet,bd1e147b-9089-4ee9-81dc-028747537a02,bd1e147b,knob,41a017b4-c7a9-4e64-9d70-aa97acc58a5c,knob: pull to open or close,bd1e147b-9089-4ee9-81dc-028747537a02; 41a017b4-c7a9-4e64-9d70-aa97acc58a5c
6kitchen,explicit,open the kitchen cabinet,6kitchen_open-the-kitchen-cabinet_c5d91ced_GT.json,kitchen cabinet,c5d91ced-49b1-4f5e-8f33-681b7741e503,c5d91ced,knob,dc3c3978-e1b1-49f4-b393-fa0996d947e2,knob: pull to open or close,c5d91ced-49b1-4f5e-8f33-681b7741e503; dc3c3978-e1b1-49f4-b393-fa0996d947e2
6kitchen,explicit,open the kitchen cabinet,6kitchen_open-the-kitchen-cabinet_e5429f83_GT.json,kitchen cabinet,e5429f83-7567-4185-87ae-d2870c6921eb,e5429f83,knob; knob; knob,6ab1eb7c-b836-4d0b-9754-39c483ab8f5a; e6d4f3d7-20c1-4a13-892b-f5926a2b5146; 99cb4399-efc9-412e-94f3-bad250496efa,knob: pull to open or close; knob: pull to open or close; knob: pull to open or close,e5429f83-7567-4185-87ae-d2870c6921eb; 6ab1eb7c-b836-4d0b-9754-39c483ab8f5a; e6d4f3d7-20c1-4a13-892b-f5926a2b5146; 99cb4399-efc9-412e-94f3-bad250496efa
6kitchen,explicit,open the oven,6kitchen_open-the-oven_GT.json,oven,57af8075-e6f1-4a8f-ad01-f9124fd322ee,57af8075,handle; knob; knob; knob; knob; knob; knob,836c1d30-a168-4c20-bc62-cf04ed8e98f1; 2cac307d-ccf4-4567-abbb-8c0e99517248; 7a21d6ca-af3d-4f0a-b610-c57997f4814a; 85d30623-02a5-43c5-a361-ea348d7c80b9; bb65366b-3b76-4a69-b7bc-49bfdb4a9253; a2af6703-20e2-4de3-9e2d-e9572aba8319; 66585692-502f-4554-a909-1e3be0e63a41,"handle: pull to open or close; knob: rotate to open or close, or to adjust the temperature and setting; knob: rotate to open or close, or to adjust the temperature and setting; knob: rotate to open or close, or to adjust the temperature and setting; knob: rotate to open or close, or to adjust the temperature and setting; knob: rotate to open or close, or to adjust the temperature and setting; knob: rotate to open or close, or to adjust the temperature and setting",57af8075-e6f1-4a8f-ad01-f9124fd322ee; 836c1d30-a168-4c20-bc62-cf04ed8e98f1; 2cac307d-ccf4-4567-abbb-8c0e99517248; 7a21d6ca-af3d-4f0a-b610-c57997f4814a; 85d30623-02a5-43c5-a361-ea348d7c80b9; bb65366b-3b76-4a69-b7bc-49bfdb4a9253; a2af6703-20e2-4de3-9e2d-e9572aba8319; 66585692-502f-4554-a909-1e3be0e63a41
6kitchen,implicit,someone is knocking at the door,6kitchen_someone-is-knocking-at-the-door_GT.json,door,93dbea78-522d-4530-a3bd-799ab596b00c,93dbea78,handle,564f7972-3bdf-4289-902d-9f547cabf0f5,handle: rotate to open or close,93dbea78-522d-4530-a3bd-799ab596b00c; 564f7972-3bdf-4289-902d-9f547cabf0f5
6kitchen,explicit,use the cooker,6kitchen_use-the-cooker_GT.json,electric cooker,1dd2697e-7f19-4c5b-b84f-eeb010ea1925,1dd2697e,,,,1dd2697e-7f19-4c5b-b84f-eeb010ea1925
6kitchen,explicit,use the kitchen sink,6kitchen_use-the-kitchen-sink_GT.json,kitchen sink,ce3ec539-72ea-4a8f-8325-b59f685a553c,ce3ec539,faucet / handle,a6fcc36d-4a05-473a-ae6d-a439e5c2bac7,faucet / handle: control the water flow,ce3ec539-72ea-4a8f-8325-b59f685a553c; a6fcc36d-4a05-473a-ae6d-a439e5c2bac7
7bedroom,implicit,I need to pick an outfit,7bedroom_i-need-to-pick-an-outfit_05be65a1_GT.json,wardrobe,05be65a1-e275-43e5-a360-02e91fa10628,05be65a1,knob; knob,573c6e1b-99ea-45a3-8eb4-4dcdccf583ef; b1addeea-9b12-49d3-ac46-6533ed37715d,knob: pull to open or close; knob: pull to open or close,05be65a1-e275-43e5-a360-02e91fa10628; 573c6e1b-99ea-45a3-8eb4-4dcdccf583ef; b1addeea-9b12-49d3-ac46-6533ed37715d
7bedroom,implicit,I need to pick an outfit,7bedroom_i-need-to-pick-an-outfit_56946ad4_GT.json,wardrobe,56946ad4-862c-471c-ac69-2297b5ee81fa,56946ad4,handle; handle; handle,eed128d4-b8b5-468b-8c57-72d607267ccd; 61b87c65-f637-4b37-822f-7cd096c149f3; 59da02a6-2683-4f2f-985a-7789355c1346,handle: pull to open or close; handle: pull to open or close; handle: pull to open or close,56946ad4-862c-471c-ac69-2297b5ee81fa; eed128d4-b8b5-468b-8c57-72d607267ccd; 61b87c65-f637-4b37-822f-7cd096c149f3; 59da02a6-2683-4f2f-985a-7789355c1346
7bedroom,implicit,I need to pick an outfit,7bedroom_i-need-to-pick-an-outfit_dd7e47e2_GT.json,wardrobe,dd7e47e2-e2de-44c2-bf64-cdaf4f10d6a2,dd7e47e2,knob; knob,19d6b49b-e3f7-41b9-a761-c8a6b20c055c; a684e470-54e6-4e90-833f-cf6506b2cc3f,knob: pull to open or close; knob: pull to open or close,dd7e47e2-e2de-44c2-bf64-cdaf4f10d6a2; 19d6b49b-e3f7-41b9-a761-c8a6b20c055c; a684e470-54e6-4e90-833f-cf6506b2cc3f
7bedroom,implicit,I need to pick an outfit,7bedroom_i-need-to-pick-an-outfit_ea2f8ec5_GT.json,wardrobe,ea2f8ec5-8551-451e-99fb-cd953d0c26cf,ea2f8ec5,knob; knob,16942605-5ac2-42d7-9c3e-c461367959c1; f126f357-9ad0-4053-ab0d-30e91d954fbe,knob: pull to open or close; knob: pull to open or close,ea2f8ec5-8551-451e-99fb-cd953d0c26cf; 16942605-5ac2-42d7-9c3e-c461367959c1; f126f357-9ad0-4053-ab0d-30e91d954fbe
7bedroom,explicit,open the wardrobe,7bedroom_open-the-wardrobe_05be65a1_GT.json,wardrobe,05be65a1-e275-43e5-a360-02e91fa10628,05be65a1,knob; knob,573c6e1b-99ea-45a3-8eb4-4dcdccf583ef; b1addeea-9b12-49d3-ac46-6533ed37715d,knob: pull to open or close; knob: pull to open or close,05be65a1-e275-43e5-a360-02e91fa10628; 573c6e1b-99ea-45a3-8eb4-4dcdccf583ef; b1addeea-9b12-49d3-ac46-6533ed37715d
7bedroom,explicit,open the wardrobe,7bedroom_open-the-wardrobe_56946ad4_GT.json,wardrobe,56946ad4-862c-471c-ac69-2297b5ee81fa,56946ad4,handle; handle; handle,eed128d4-b8b5-468b-8c57-72d607267ccd; 61b87c65-f637-4b37-822f-7cd096c149f3; 59da02a6-2683-4f2f-985a-7789355c1346,handle: pull to open or close; handle: pull to open or close; handle: pull to open or close,56946ad4-862c-471c-ac69-2297b5ee81fa; eed128d4-b8b5-468b-8c57-72d607267ccd; 61b87c65-f637-4b37-822f-7cd096c149f3; 59da02a6-2683-4f2f-985a-7789355c1346
7bedroom,explicit,open the wardrobe,7bedroom_open-the-wardrobe_dd7e47e2_GT.json,wardrobe,dd7e47e2-e2de-44c2-bf64-cdaf4f10d6a2,dd7e47e2,knob; knob,19d6b49b-e3f7-41b9-a761-c8a6b20c055c; a684e470-54e6-4e90-833f-cf6506b2cc3f,knob: pull to open or close; knob: pull to open or close,dd7e47e2-e2de-44c2-bf64-cdaf4f10d6a2; 19d6b49b-e3f7-41b9-a761-c8a6b20c055c; a684e470-54e6-4e90-833f-cf6506b2cc3f
7bedroom,explicit,open the wardrobe,7bedroom_open-the-wardrobe_ea2f8ec5_GT.json,wardrobe,ea2f8ec5-8551-451e-99fb-cd953d0c26cf,ea2f8ec5,knob; knob,16942605-5ac2-42d7-9c3e-c461367959c1; f126f357-9ad0-4053-ab0d-30e91d954fbe,knob: pull to open or close; knob: pull to open or close,ea2f8ec5-8551-451e-99fb-cd953d0c26cf; 16942605-5ac2-42d7-9c3e-c461367959c1; f126f357-9ad0-4053-ab0d-30e91d954fbe
8bathroom,explicit,flush the toilet,8bathroom_flush-the-toilet_GT.json,toilet,5f582d20-42f4-4b89-b73e-2d09719cfa10,5f582d20,button,b37833b6-ef42-4f64-ae12-8ba154f68996,button: press to flush,5f582d20-42f4-4b89-b73e-2d09719cfa10; b37833b6-ef42-4f64-ae12-8ba154f68996
8bathroom,implicit,I just used the toilet,8bathroom_i-just-used-the-toilet_GT.json,toilet,5f582d20-42f4-4b89-b73e-2d09719cfa10,5f582d20,button,b37833b6-ef42-4f64-ae12-8ba154f68996,button: press to flush,5f582d20-42f4-4b89-b73e-2d09719cfa10; b37833b6-ef42-4f64-ae12-8ba154f68996
8bathroom,implicit,I need to throw away trash,8bathroom_i-need-to-throw-away-trash_GT.json,trashcan,1ec675f3-1586-4b74-ba3c-e70e66733ed1,1ec675f3,handle,f333180c-848a-446e-95a0-350373919882,handle: push or press to open,1ec675f3-1586-4b74-ba3c-e70e66733ed1; f333180c-848a-446e-95a0-350373919882
8bathroom,implicit,I want to take a hot bath,8bathroom_i-want-to-take-a-hot-bath_GT.json,bathtub,7c1ca272-9dc3-4c13-b302-121e1656c560,7c1ca272,faucet / handle; knob; button / knob; button / knob,f4714feb-efc3-4cca-b535-a3270c31d890; 56f40eb3-3424-4859-839b-0d9ec00a6e10; 4167f5bb-d862-46a4-92cc-6482c15c8bde; 9c8bddfc-cdcd-40ba-9729-e4c49b4049b0,faucet / handle: control the water flow; knob: control the water flow; button / knob: control to drain the water flow; button / knob: control the water flow,7c1ca272-9dc3-4c13-b302-121e1656c560; f4714feb-efc3-4cca-b535-a3270c31d890; 56f40eb3-3424-4859-839b-0d9ec00a6e10; 4167f5bb-d862-46a4-92cc-6482c15c8bde; 9c8bddfc-cdcd-40ba-9729-e4c49b4049b0
8bathroom,implicit,my hands are dirty,8bathroom_my-hands-are-dirty_GT.json,bathroom sink,feba042f-5b0d-4b98-8a56-cc73d6112cdf,feba042f,faucet / handle,d2d55c1d-5111-4c65-9a50-f47546533178,faucet / handle: control the water flow,feba042f-5b0d-4b98-8a56-cc73d6112cdf; d2d55c1d-5111-4c65-9a50-f47546533178
8bathroom,explicit,open the door,8bathroom_open-the-door_GT.json,door,cf0c700f-886c-4800-93ac-4c98f49e3afb,cf0c700f,handle,84573a3a-5866-4526-bfa4-4106ae991e73,handle: rotate to open or close,cf0c700f-886c-4800-93ac-4c98f49e3afb; 84573a3a-5866-4526-bfa4-4106ae991e73
8bathroom,explicit,open the trashcan,8bathroom_open-the-trashcan_GT.json,trashcan,1ec675f3-1586-4b74-ba3c-e70e66733ed1,1ec675f3,handle,f333180c-848a-446e-95a0-350373919882,handle: push or press to open,1ec675f3-1586-4b74-ba3c-e70e66733ed1; f333180c-848a-446e-95a0-350373919882
8bathroom,implicit,someone is knocking at the door,8bathroom_someone-is-knocking-at-the-door_GT.json,door,cf0c700f-886c-4800-93ac-4c98f49e3afb,cf0c700f,handle,84573a3a-5866-4526-bfa4-4106ae991e73,handle: rotate to open or close,cf0c700f-886c-4800-93ac-4c98f49e3afb; 84573a3a-5866-4526-bfa4-4106ae991e73
8bathroom,explicit,use the bathroom sink,8bathroom_use-the-bathroom-sink_GT.json,bathroom sink,feba042f-5b0d-4b98-8a56-cc73d6112cdf,feba042f,faucet / handle,d2d55c1d-5111-4c65-9a50-f47546533178,faucet / handle: control the water flow,feba042f-5b0d-4b98-8a56-cc73d6112cdf; d2d55c1d-5111-4c65-9a50-f47546533178
8bathroom,explicit,use the bathtub,8bathroom_use-the-bathtub_GT.json,bathtub,7c1ca272-9dc3-4c13-b302-121e1656c560,7c1ca272,faucet / handle; knob; button / knob; button / knob,f4714feb-efc3-4cca-b535-a3270c31d890; 56f40eb3-3424-4859-839b-0d9ec00a6e10; 4167f5bb-d862-46a4-92cc-6482c15c8bde; 9c8bddfc-cdcd-40ba-9729-e4c49b4049b0,faucet / handle: control the water flow; knob: control the water flow; button / knob: control to drain the water flow; button / knob: control the water flow,7c1ca272-9dc3-4c13-b302-121e1656c560; f4714feb-efc3-4cca-b535-a3270c31d890; 56f40eb3-3424-4859-839b-0d9ec00a6e10; 4167f5bb-d862-46a4-92cc-6482c15c8bde; 9c8bddfc-cdcd-40ba-9729-e4c49b4049b0
9bedroom,explicit,adjust the radiator temperature,9bedroom_adjust-the-radiator-temperature_GT.json,radiator,330bc4be-f766-452f-b708-90e3803d8f64,330bc4be,knob,d0cb4755-ccf4-41db-ad35-457d5171084b,knob: rotate to adjust the temperature,330bc4be-f766-452f-b708-90e3803d8f64; d0cb4755-ccf4-41db-ad35-457d5171084b
9bedroom,implicit,I need clean clothes from the dresser,9bedroom_i-need-clean-clothes-from-the-dresser_GT.json,dresser / chest of drawers,6feb4acb-d2eb-4f5f-a7b0-aa9ee463f975,6feb4acb,knob; knob; knob; knob; knob; knob,cb65ae94-f347-448e-ae45-b8c3e756913d; c7330652-ceba-4c91-8952-1453770391ca; 2f761382-82f1-4609-8a12-39d71cda6ce7; e7d5fc81-7265-4aeb-9d9c-5832ba0a019e; c64d8fe5-02d2-4d62-9624-e33a4cc60e63; b5e2a756-8d25-4a6d-b5a5-e650b6acc682,knob: pull to open or close a drawer; knob: pull to open or close a drawer; knob: pull to open or close a drawer; knob: pull to open or close a drawer; knob: pull to open or close a drawer; knob: pull to open or close a drawer,6feb4acb-d2eb-4f5f-a7b0-aa9ee463f975; cb65ae94-f347-448e-ae45-b8c3e756913d; c7330652-ceba-4c91-8952-1453770391ca; 2f761382-82f1-4609-8a12-39d71cda6ce7; e7d5fc81-7265-4aeb-9d9c-5832ba0a019e; c64d8fe5-02d2-4d62-9624-e33a4cc60e63; b5e2a756-8d25-4a6d-b5a5-e650b6acc682
9bedroom,implicit,it's dark in here,9bedroom_its-dark-in-here_2_GT.json,ceiling light fixture,65c1f8b5-26b4-484f-a08a-f71745933960,65c1f8b5,,,,65c1f8b5-26b4-484f-a08a-f71745933960
9bedroom,implicit,it's dark in here,9bedroom_its-dark-in-here_GT.json,lamp,2c4ee92a-0bd1-4eae-ad96-3cbe2dec7b3d,2c4ee92a,,,,2c4ee92a-0bd1-4eae-ad96-3cbe2dec7b3d
9bedroom,implicit,it's too cold in here,9bedroom_its-too-cold-in-here_GT.json,radiator,330bc4be-f766-452f-b708-90e3803d8f64,330bc4be,knob,d0cb4755-ccf4-41db-ad35-457d5171084b,knob: rotate to adjust the temperature,330bc4be-f766-452f-b708-90e3803d8f64; d0cb4755-ccf4-41db-ad35-457d5171084b
9bedroom,implicit,it's too hot in here,9bedroom_its-too-hot-in-here_GT.json,fan,2fdc34f6-38f1-4896-87a7-6d5404604941,2fdc34f6,,,,2fdc34f6-38f1-4896-87a7-6d5404604941
9bedroom,explicit,open the door,9bedroom_open-the-door_GT.json,door,b3aeb546-9f5c-467d-a7d7-2c34598c1e60,b3aeb546,handle,3f7eaf9a-faaa-468b-9671-93df342285be,handle: rotate to open or close,b3aeb546-9f5c-467d-a7d7-2c34598c1e60; 3f7eaf9a-faaa-468b-9671-93df342285be
9bedroom,explicit,open the dresser drawer,9bedroom_open-the-dresser-drawer_GT.json,dresser / chest of drawers,6feb4acb-d2eb-4f5f-a7b0-aa9ee463f975,6feb4acb,knob; knob; knob; knob; knob; knob,cb65ae94-f347-448e-ae45-b8c3e756913d; c7330652-ceba-4c91-8952-1453770391ca; 2f761382-82f1-4609-8a12-39d71cda6ce7; e7d5fc81-7265-4aeb-9d9c-5832ba0a019e; c64d8fe5-02d2-4d62-9624-e33a4cc60e63; b5e2a756-8d25-4a6d-b5a5-e650b6acc682,knob: pull to open or close a drawer; knob: pull to open or close a drawer; knob: pull to open or close a drawer; knob: pull to open or close a drawer; knob: pull to open or close a drawer; knob: pull to open or close a drawer,6feb4acb-d2eb-4f5f-a7b0-aa9ee463f975; cb65ae94-f347-448e-ae45-b8c3e756913d; c7330652-ceba-4c91-8952-1453770391ca; 2f761382-82f1-4609-8a12-39d71cda6ce7; e7d5fc81-7265-4aeb-9d9c-5832ba0a019e; c64d8fe5-02d2-4d62-9624-e33a4cc60e63; b5e2a756-8d25-4a6d-b5a5-e650b6acc682
9bedroom,implicit,someone is knocking at the door,9bedroom_someone-is-knocking-at-the-door_GT.json,door,b3aeb546-9f5c-467d-a7d7-2c34598c1e60,b3aeb546,handle,3f7eaf9a-faaa-468b-9671-93df342285be,handle: rotate to open or close,b3aeb546-9f5c-467d-a7d7-2c34598c1e60; 3f7eaf9a-faaa-468b-9671-93df342285be
9bedroom,explicit,turn on the fan,9bedroom_turn-on-the-fan_GT.json,fan,2fdc34f6-38f1-4896-87a7-6d5404604941,2fdc34f6,,,,2fdc34f6-38f1-4896-87a7-6d5404604941
9bedroom,explicit,turn on the lamp,9bedroom_turn-on-the-lamp_GT.json,lamp,2c4ee92a-0bd1-4eae-ad96-3cbe2dec7b3d,2c4ee92a,,,,2c4ee92a-0bd1-4eae-ad96-3cbe2dec7b3d
9bedroom,explicit,turn on the light,9bedroom_turn-on-the-light_GT.json,ceiling light fixture,65c1f8b5-26b4-484f-a08a-f71745933960,65c1f8b5,,,,65c1f8b5-26b4-484f-a08a-f71745933960
